,pa_id,poi_common_id,poi_branch,poi_addr_city,poi_postcode,poi_city,poi_addr_street,poi_addr_housenumber,poi_conscriptionnumber,poi_geom,original,poi_website,poi_description,poi_fuel_adblue,poi_fuel_octane_100,poi_fuel_octane_98,poi_fuel_octane_95,poi_fuel_diesel_gtl,poi_fuel_diesel,poi_fuel_lpg,poi_fuel_e85,poi_rent_lpg_bottles,poi_compressed_air,poi_restaurant,poi_food,poi_truck,poi_ref,poi_phone,poi_email,poi_opening_hours_nonstop,poi_opening_hours_mo_open,poi_opening_hours_tu_open,poi_opening_hours_we_open,poi_opening_hours_th_open,poi_opening_hours_fr_open,poi_opening_hours_sa_open,poi_opening_hours_su_open,poi_opening_hours_mo_close,poi_opening_hours_tu_close,poi_opening_hours_we_close,poi_opening_hours_th_close,poi_opening_hours_fr_close,poi_opening_hours_sa_close,poi_opening_hours_su_close,poi_opening_hours_summer_mo_open,poi_opening_hours_summer_tu_open,poi_opening_hours_summer_we_open,poi_opening_hours_summer_th_open,poi_opening_hours_summer_fr_open,poi_opening_hours_summer_sa_open,poi_opening_hours_summer_su_open,poi_opening_hours_summer_mo_close,poi_opening_hours_summer_tu_close,poi_opening_hours_summer_we_close,poi_opening_hours_summer_th_close,poi_opening_hours_summer_fr_close,poi_opening_hours_summer_sa_close,poi_opening_hours_summer_su_close,poi_opening_hours_lunch_break_start,poi_opening_hours_lunch_break_stop,poi_public_holiday_open,poi_opening_hours,poi_good,poi_bad,poi_hash,poi_created,poi_updated,poi_deleted,poi_lat,poi_lon,pc_id,poi_name,poi_type,poi_tags,poi_url_base,poi_code,poi_search_name,preserve_original_name,preserve_original_post_code,osm_search_distance_perfect,osm_search_distance_safe,osm_search_distance_unsafe,osm_id,osm_node,osm_version,osm_changeset,osm_timestamp,osm_live_tags,osm_nodes,poi_distance,poi_new
7829,4517,39,DESpar Budapest,95,1095,Budapest,Kvassay Jenő út,3,,POINT (47.463477 19.072883),Kvassay Jenő út 3.,/uzletek/despar-budapest-1095-kvassay-jen-ut-3-,,,,,,,,,,,,,,,6800320,,,,,,,,,,,,,,,,,,,,,,,,,,,,,,,,,,False,,"{not_in_water,street_is_around,street_metaphone_is_around}",{},,2020-05-11 22:08:01.023852+00:00,,,47.463477,19.072883,39,DeSpar,shop,"{'shop': 'convenience', 'operator': 'SPAR Magyarország Kereskedelmi Kft.', 'brand': 'Spar','brand:wikipedia': 'hu:Spar', 'brand:wikidata': 'Q610492',  'contact:email': 'vevoszolgalat@spar.hu', 'phone': '+36208237727', 'contact:facebook': 'https://www.facebook.com/sparmagyarorszag', 'contact:youtube': 'https://www.youtube.com/channel/UC9tu8COHiy4WkeTIN1k_Y8A', 'contact:instagram': 'https://www.instagram.com/sparmagyarorszag',  'payment:contactless': 'yes', 'payment:mastercard': 'yes', 'payment:visa': 'yes', 'payment:erzsebet': 'yes', 'payment:erzsebet_plus': 'yes', 'payment:edenred_voucher': 'yes', 'payment:edenred_card': 'yes', 'payment:otp_cafeteria': 'yes',  'payment:multipay': 'yes', 'payment:mastercard_electronic': 'yes', 'payment:maestro': 'yes',  'payment:visa_electron': 'yes', 'payment:mastercard_contactless': 'yes', 'payment:otp_bankpont': 'yes',  'payment:american_express': 'yes', 'payment:jcb': 'yes', 'payment:v_pay': 'yes',  'payment:unionpay': 'yes',  'payment:cash': 'yes', }",https://www.spar.hu,huspardcon,(spar|despar),False,False,2000.0,200.0,15.0,,,,,2020-05-17T14:09:01Z,,,,True
7830,4516,39,DESpar Budapest,101,1103,Budapest,Gyömrői út,56-62,,POINT (47.469668 19.145673),Gyömrői út 56-62.,/uzletek/despar-budapest-1103-gyoemri-ut-56-62-,,,,,,,,,,,,,,,6800310,,,,,,,,,,,,,,,,,,,,,,,,,,,,,,,,,,False,,"{not_in_water,street_is_around,street_metaphone_is_around}",{},,2020-05-11 22:08:01.023852+00:00,,,47.469668,19.145673,39,DeSpar,shop,"{'shop': 'convenience', 'operator': 'SPAR Magyarország Kereskedelmi Kft.', 'brand': 'Spar','brand:wikipedia': 'hu:Spar', 'brand:wikidata': 'Q610492',  'contact:email': 'vevoszolgalat@spar.hu', 'phone': '+36208237727', 'contact:facebook': 'https://www.facebook.com/sparmagyarorszag', 'contact:youtube': 'https://www.youtube.com/channel/UC9tu8COHiy4WkeTIN1k_Y8A', 'contact:instagram': 'https://www.instagram.com/sparmagyarorszag',  'payment:contactless': 'yes', 'payment:mastercard': 'yes', 'payment:visa': 'yes', 'payment:erzsebet': 'yes', 'payment:erzsebet_plus': 'yes', 'payment:edenred_voucher': 'yes', 'payment:edenred_card': 'yes', 'payment:otp_cafeteria': 'yes',  'payment:multipay': 'yes', 'payment:mastercard_electronic': 'yes', 'payment:maestro': 'yes',  'payment:visa_electron': 'yes', 'payment:mastercard_contactless': 'yes', 'payment:otp_bankpont': 'yes',  'payment:american_express': 'yes', 'payment:jcb': 'yes', 'payment:v_pay': 'yes',  'payment:unionpay': 'yes',  'payment:cash': 'yes', }",https://www.spar.hu,huspardcon,(spar|despar),False,False,2000.0,200.0,15.0,,,,,2020-05-17T14:09:01Z,,,,True
7831,4515,39,DESpar Budapest,111,1115,Budapest,Bartók Béla út,105,,POINT (47.473167 19.03269),Bartók Béla út 105.,/uzletek/despar-budapest-1115-bartok-bela-ut-105-,,,,,,,,,,,,,,,6800230,,,,,,,,,,,,,,,,,,,,,,,,,,,,,,,,,,False,,"{not_in_water,street_is_around,street_metaphone_is_around}",{},,2020-05-11 22:08:01.023852+00:00,,,47.4729334,19.0327789,39,DeSpar,shop,"{'shop': 'convenience', 'operator': 'SPAR Magyarország Kereskedelmi Kft.', 'brand': 'Spar','brand:wikipedia': 'hu:Spar', 'brand:wikidata': 'Q610492',  'contact:email': 'vevoszolgalat@spar.hu', 'phone': '+36208237727', 'contact:facebook': 'https://www.facebook.com/sparmagyarorszag', 'contact:youtube': 'https://www.youtube.com/channel/UC9tu8COHiy4WkeTIN1k_Y8A', 'contact:instagram': 'https://www.instagram.com/sparmagyarorszag',  'payment:contactless': 'yes', 'payment:mastercard': 'yes', 'payment:visa': 'yes', 'payment:erzsebet': 'yes', 'payment:erzsebet_plus': 'yes', 'payment:edenred_voucher': 'yes', 'payment:edenred_card': 'yes', 'payment:otp_cafeteria': 'yes',  'payment:multipay': 'yes', 'payment:mastercard_electronic': 'yes', 'payment:maestro': 'yes',  'payment:visa_electron': 'yes', 'payment:mastercard_contactless': 'yes', 'payment:otp_bankpont': 'yes',  'payment:american_express': 'yes', 'payment:jcb': 'yes', 'payment:v_pay': 'yes',  'payment:unionpay': 'yes',  'payment:cash': 'yes', }",https://www.spar.hu,huspardcon,(spar|despar),False,False,2000.0,200.0,15.0,4054231644,OSM_object_type.node,2,0,2018-09-02T16:50:40Z,"{'name': 'Despar', 'shop': 'convenience', 'opening_hours': '24/7'}",,26.82081181,
7832,4518,39,DESpar Budapest,155,1173,Budapest,Esztena utca,1,,POINT (47.473494 19.273494),Esztena utca 1.,/uzletek/despar-budapest-1173-esztena-utca-1-,,,,,,,,,,,,,,,6800460,,,,,,,,,,,,,,,,,,,,,,,,,,,,,,,,,,False,,"{not_in_water,street_is_around,street_metaphone_is_around}",{},,2020-05-11 22:08:01.023852+00:00,,,47.473494,19.273494,39,DeSpar,shop,"{'shop': 'convenience', 'operator': 'SPAR Magyarország Kereskedelmi Kft.', 'brand': 'Spar','brand:wikipedia': 'hu:Spar', 'brand:wikidata': 'Q610492',  'contact:email': 'vevoszolgalat@spar.hu', 'phone': '+36208237727', 'contact:facebook': 'https://www.facebook.com/sparmagyarorszag', 'contact:youtube': 'https://www.youtube.com/channel/UC9tu8COHiy4WkeTIN1k_Y8A', 'contact:instagram': 'https://www.instagram.com/sparmagyarorszag',  'payment:contactless': 'yes', 'payment:mastercard': 'yes', 'payment:visa': 'yes', 'payment:erzsebet': 'yes', 'payment:erzsebet_plus': 'yes', 'payment:edenred_voucher': 'yes', 'payment:edenred_card': 'yes', 'payment:otp_cafeteria': 'yes',  'payment:multipay': 'yes', 'payment:mastercard_electronic': 'yes', 'payment:maestro': 'yes',  'payment:visa_electron': 'yes', 'payment:mastercard_contactless': 'yes', 'payment:otp_bankpont': 'yes',  'payment:american_express': 'yes', 'payment:jcb': 'yes', 'payment:v_pay': 'yes',  'payment:unionpay': 'yes',  'payment:cash': 'yes', }",https://www.spar.hu,huspardcon,(spar|despar),False,False,2000.0,200.0,15.0,,,,,2020-05-17T14:09:01Z,,,,True
7833,4544,39,DESpar Érd,621,2030,Érd,6. számú főközlekedési út,,,POINT (47.379155 18.939109),"Budafoki út, 6-os sz. főút",/uzletek/despar-erd-2030-budafoki-ut-6-os-sz-fut,,,,,,,,,,,,,,,6800420,,,,,,,,,,,,,,,,,,,,,,,,,,,,,,,,,,False,,{not_in_water},"{street_is_not_around,street_metaphone_is_not_around}",,2020-05-11 22:08:01.023852+00:00,,,47.379155,18.939109,39,DeSpar,shop,"{'shop': 'convenience', 'operator': 'SPAR Magyarország Kereskedelmi Kft.', 'brand': 'Spar','brand:wikipedia': 'hu:Spar', 'brand:wikidata': 'Q610492',  'contact:email': 'vevoszolgalat@spar.hu', 'phone': '+36208237727', 'contact:facebook': 'https://www.facebook.com/sparmagyarorszag', 'contact:youtube': 'https://www.youtube.com/channel/UC9tu8COHiy4WkeTIN1k_Y8A', 'contact:instagram': 'https://www.instagram.com/sparmagyarorszag',  'payment:contactless': 'yes', 'payment:mastercard': 'yes', 'payment:visa': 'yes', 'payment:erzsebet': 'yes', 'payment:erzsebet_plus': 'yes', 'payment:edenred_voucher': 'yes', 'payment:edenred_card': 'yes', 'payment:otp_cafeteria': 'yes',  'payment:multipay': 'yes', 'payment:mastercard_electronic': 'yes', 'payment:maestro': 'yes',  'payment:visa_electron': 'yes', 'payment:mastercard_contactless': 'yes', 'payment:otp_bankpont': 'yes',  'payment:american_express': 'yes', 'payment:jcb': 'yes', 'payment:v_pay': 'yes',  'payment:unionpay': 'yes',  'payment:cash': 'yes', }",https://www.spar.hu,huspardcon,(spar|despar),False,False,2000.0,200.0,15.0,,,,,2020-05-17T14:09:01Z,,,,True
7834,4521,39,DESpar Diósd,639,2049,Diósd,Balatoni út,11,,POINT (47.403986 18.944898),Balatoni út 11.,/uzletek/despar-diosd-2049-balatoni-ut-11-,,,,,,,,,,,,,,,6800500,,,,,,,,,,,,,,,,,,,,,,,,,,,,,,,,,,False,,"{not_in_water,street_is_around,street_metaphone_is_around}",{},,2020-05-11 22:08:01.023852+00:00,,,47.4045009,18.9474150321519,39,DeSpar,shop,"{'shop': 'convenience', 'operator': 'SPAR Magyarország Kereskedelmi Kft.', 'brand': 'Spar','brand:wikipedia': 'hu:Spar', 'brand:wikidata': 'Q610492',  'contact:email': 'vevoszolgalat@spar.hu', 'phone': '+36208237727', 'contact:facebook': 'https://www.facebook.com/sparmagyarorszag', 'contact:youtube': 'https://www.youtube.com/channel/UC9tu8COHiy4WkeTIN1k_Y8A', 'contact:instagram': 'https://www.instagram.com/sparmagyarorszag',  'payment:contactless': 'yes', 'payment:mastercard': 'yes', 'payment:visa': 'yes', 'payment:erzsebet': 'yes', 'payment:erzsebet_plus': 'yes', 'payment:edenred_voucher': 'yes', 'payment:edenred_card': 'yes', 'payment:otp_cafeteria': 'yes',  'payment:multipay': 'yes', 'payment:mastercard_electronic': 'yes', 'payment:maestro': 'yes',  'payment:visa_electron': 'yes', 'payment:mastercard_contactless': 'yes', 'payment:otp_bankpont': 'yes',  'payment:american_express': 'yes', 'payment:jcb': 'yes', 'payment:v_pay': 'yes',  'payment:unionpay': 'yes',  'payment:cash': 'yes', }",https://www.spar.hu,huspardcon,(spar|despar),False,False,2000.0,200.0,15.0,15117985,OSM_object_type.way,23,0,2019-10-07T13:55:39Z,"{'payment:debit_cards': 'yes', 'name': 'Interspar', 'shop': 'supermarket', 'addr:housenumber': '2/A', 'opening_hours': 'Mo-Sa 06:00-22:00 Su 08:30-19:30', 'roof:colour': 'light_gray', 'brand:wikipedia': 'de:Interspar (Österreich)', 'building': 'retail', 'payment:credit_cards': 'yes', 'brand': 'Interspar', 'addr:postcode': '2049', 'wheelchair:description': 'parkolóból mozgójárda', 'brand:wikidata': 'Q15820339', 'payment:cash': 'yes', 'wheelchair': 'yes', 'addr:city': 'Diósd', 'delivery': 'yes', 'toilets:wheelchair': 'yes', 'website': 'https://www.spar.hu/', 'addr:street': 'Balatoni út', 'roof:shape': 'flat'}","[149377898, 4899509764, 4904115427, 4904115426, 2542278344, 5276567987, 4904115425, 4904115424, 2542278292, 149377899, 4915764863, 149377900, 5276568224, 5276568223, 5276568222, 5276568019, 2960192526, 4915764886, 5276568018, 3791314868, 149377901, 5276568010, 4904115428, 149377898]",127.93109363,
7835,4532,39,DESpar Pilisvörösvár,659,2085,Pilisvörösvár,Fő utca,10,,POINT (47.615117 18.897396),Fő utca 10.,/uzletek/despar-pilisvoeroesvar-2085-f-utca-10-,,,,,,,,,,,,,,,6800300,,,,,,,,,,,,,,,,,,,,,,,,,,,,,,,,,,False,,"{not_in_water,street_is_around,street_metaphone_is_around}",{},,2020-05-11 22:08:01.023852+00:00,,,47.61483985,18.8982541035658,39,DeSpar,shop,"{'shop': 'convenience', 'operator': 'SPAR Magyarország Kereskedelmi Kft.', 'brand': 'Spar','brand:wikipedia': 'hu:Spar', 'brand:wikidata': 'Q610492',  'contact:email': 'vevoszolgalat@spar.hu', 'phone': '+36208237727', 'contact:facebook': 'https://www.facebook.com/sparmagyarorszag', 'contact:youtube': 'https://www.youtube.com/channel/UC9tu8COHiy4WkeTIN1k_Y8A', 'contact:instagram': 'https://www.instagram.com/sparmagyarorszag',  'payment:contactless': 'yes', 'payment:mastercard': 'yes', 'payment:visa': 'yes', 'payment:erzsebet': 'yes', 'payment:erzsebet_plus': 'yes', 'payment:edenred_voucher': 'yes', 'payment:edenred_card': 'yes', 'payment:otp_cafeteria': 'yes',  'payment:multipay': 'yes', 'payment:mastercard_electronic': 'yes', 'payment:maestro': 'yes',  'payment:visa_electron': 'yes', 'payment:mastercard_contactless': 'yes', 'payment:otp_bankpont': 'yes',  'payment:american_express': 'yes', 'payment:jcb': 'yes', 'payment:v_pay': 'yes',  'payment:unionpay': 'yes',  'payment:cash': 'yes', }",https://www.spar.hu,huspardcon,(spar|despar),False,False,2000.0,200.0,15.0,41810186,OSM_object_type.way,8,0,2020-05-09T10:45:55Z,"{'name': 'Spar', 'brand:wikidata': 'Q610492', 'addr:housenumber': '157', 'opening_hours': 'Mo-Fr 06:30-20:00; Sa 06:30-18:00; Su 07:00-14:00', 'brand': 'Spar', 'building': 'retail', 'brand:wikipedia': 'en:Spar (retailer)', 'addr:city': 'Pilisvörösvár', 'addr:postcode': '2085', 'shop': 'supermarket', 'wheelchair': 'yes', 'website': 'http://www.spar.hu', 'contact:website': 'http://www.spar.hu', 'addr:street': 'Fő út'}","[516110114, 7500593338, 516110117, 516110118, 516110120, 516110114]",44.59625254,
7836,4522,39,DESpar Dunakeszi,688,2120,Dunakeszi,2. számú főközlekedési út,,,POINT (47.628347 19.126227),2-es útsz.,/uzletek/despar-dunakeszi-2120-2-es-utsz-,,,,,,,,,,,,,,,6800040,,,,,,,,,,,,,,,,,,,,,,,,,,,,,,,,,,False,,{not_in_water},"{street_is_not_around,street_metaphone_is_not_around}",,2020-05-11 22:08:01.023852+00:00,,,47.628347,19.126227,39,DeSpar,shop,"{'shop': 'convenience', 'operator': 'SPAR Magyarország Kereskedelmi Kft.', 'brand': 'Spar','brand:wikipedia': 'hu:Spar', 'brand:wikidata': 'Q610492',  'contact:email': 'vevoszolgalat@spar.hu', 'phone': '+36208237727', 'contact:facebook': 'https://www.facebook.com/sparmagyarorszag', 'contact:youtube': 'https://www.youtube.com/channel/UC9tu8COHiy4WkeTIN1k_Y8A', 'contact:instagram': 'https://www.instagram.com/sparmagyarorszag',  'payment:contactless': 'yes', 'payment:mastercard': 'yes', 'payment:visa': 'yes', 'payment:erzsebet': 'yes', 'payment:erzsebet_plus': 'yes', 'payment:edenred_voucher': 'yes', 'payment:edenred_card': 'yes', 'payment:otp_cafeteria': 'yes',  'payment:multipay': 'yes', 'payment:mastercard_electronic': 'yes', 'payment:maestro': 'yes',  'payment:visa_electron': 'yes', 'payment:mastercard_contactless': 'yes', 'payment:otp_bankpont': 'yes',  'payment:american_express': 'yes', 'payment:jcb': 'yes', 'payment:v_pay': 'yes',  'payment:unionpay': 'yes',  'payment:cash': 'yes', }",https://www.spar.hu,huspardcon,(spar|despar),False,False,2000.0,200.0,15.0,,,,,2020-05-17T14:09:01Z,,,,True
7837,4537,39,DESpar Szigetszentmiklós,766,2310,Szigetszentmiklós,Csepeli út,,0188/80,POINT (47.370638 19.04811),Csepeli út 0188/80 hrsz,/uzletek/despar-szigetszentmiklos-2310-csepeli-ut-0188-80-hrsz,,,,,,,,,,,,,,,6800470,,,,,,,,,,,,,,,,,,,,,,,,,,,,,,,,,,False,,"{not_in_water,street_is_around,street_metaphone_is_around}",{},,2020-05-11 22:08:01.023852+00:00,,,47.3704255,19.0480719,39,DeSpar,shop,"{'shop': 'convenience', 'operator': 'SPAR Magyarország Kereskedelmi Kft.', 'brand': 'Spar','brand:wikipedia': 'hu:Spar', 'brand:wikidata': 'Q610492',  'contact:email': 'vevoszolgalat@spar.hu', 'phone': '+36208237727', 'contact:facebook': 'https://www.facebook.com/sparmagyarorszag', 'contact:youtube': 'https://www.youtube.com/channel/UC9tu8COHiy4WkeTIN1k_Y8A', 'contact:instagram': 'https://www.instagram.com/sparmagyarorszag',  'payment:contactless': 'yes', 'payment:mastercard': 'yes', 'payment:visa': 'yes', 'payment:erzsebet': 'yes', 'payment:erzsebet_plus': 'yes', 'payment:edenred_voucher': 'yes', 'payment:edenred_card': 'yes', 'payment:otp_cafeteria': 'yes',  'payment:multipay': 'yes', 'payment:mastercard_electronic': 'yes', 'payment:maestro': 'yes',  'payment:visa_electron': 'yes', 'payment:mastercard_contactless': 'yes', 'payment:otp_bankpont': 'yes',  'payment:american_express': 'yes', 'payment:jcb': 'yes', 'payment:v_pay': 'yes',  'payment:unionpay': 'yes',  'payment:cash': 'yes', }",https://www.spar.hu,huspardcon,(spar|despar),False,False,2000.0,200.0,15.0,6281954166,OSM_object_type.node,2,0,2019-08-04T06:26:38Z,"{'name': 'Despar', 'shop': 'supermarket', 'brand:wikidata': 'Q610492', 'brand': 'Spar', 'brand:wikipedia': 'en:Spar (retailer)'}",,23.80251788,
7838,4540,39,DESpar Tárnok Dél,844,2461,Tárnok,M7 autópálya,26,,POINT (47.35708 18.812652),M7 autópálya 26 km. Dél ,/uzletek/despar-tarnok-2461-m7-autopalya-26-km-del-,,,,,,,,,,,,,,,6801580,,,,,,,,,,,,,,,,,,,,,,,,,,,,,,,,,,False,,{not_in_water},"{street_is_not_around,street_metaphone_is_not_around}",,2020-05-11 22:08:01.023852+00:00,,,47.35708,18.812652,39,DeSpar,shop,"{'shop': 'convenience', 'operator': 'SPAR Magyarország Kereskedelmi Kft.', 'brand': 'Spar','brand:wikipedia': 'hu:Spar', 'brand:wikidata': 'Q610492',  'contact:email': 'vevoszolgalat@spar.hu', 'phone': '+36208237727', 'contact:facebook': 'https://www.facebook.com/sparmagyarorszag', 'contact:youtube': 'https://www.youtube.com/channel/UC9tu8COHiy4WkeTIN1k_Y8A', 'contact:instagram': 'https://www.instagram.com/sparmagyarorszag',  'payment:contactless': 'yes', 'payment:mastercard': 'yes', 'payment:visa': 'yes', 'payment:erzsebet': 'yes', 'payment:erzsebet_plus': 'yes', 'payment:edenred_voucher': 'yes', 'payment:edenred_card': 'yes', 'payment:otp_cafeteria': 'yes',  'payment:multipay': 'yes', 'payment:mastercard_electronic': 'yes', 'payment:maestro': 'yes',  'payment:visa_electron': 'yes', 'payment:mastercard_contactless': 'yes', 'payment:otp_bankpont': 'yes',  'payment:american_express': 'yes', 'payment:jcb': 'yes', 'payment:v_pay': 'yes',  'payment:unionpay': 'yes',  'payment:cash': 'yes', }",https://www.spar.hu,huspardcon,(spar|despar),False,False,2000.0,200.0,15.0,,,,,2020-05-17T14:09:01Z,,,,True
7839,4541,39,DESpar Tárnok Észak,844,2461,Tárnok,M7 autópálya 26 km észak,,,POINT (47.357124 18.812576),M7 autópálya 26 km ÉSZAK,/uzletek/despar-tarnok-2461-m7-autopalya-26-km-eszak,,,,,,,,,,,,,,,6801570,,,,,,,,,,,,,,,,,,,,,,,,,,,,,,,,,,False,,{not_in_water},"{street_is_not_around,street_metaphone_is_not_around}",,2020-05-11 22:08:01.023852+00:00,,,47.357124,18.812576,39,DeSpar,shop,"{'shop': 'convenience', 'operator': 'SPAR Magyarország Kereskedelmi Kft.', 'brand': 'Spar','brand:wikipedia': 'hu:Spar', 'brand:wikidata': 'Q610492',  'contact:email': 'vevoszolgalat@spar.hu', 'phone': '+36208237727', 'contact:facebook': 'https://www.facebook.com/sparmagyarorszag', 'contact:youtube': 'https://www.youtube.com/channel/UC9tu8COHiy4WkeTIN1k_Y8A', 'contact:instagram': 'https://www.instagram.com/sparmagyarorszag',  'payment:contactless': 'yes', 'payment:mastercard': 'yes', 'payment:visa': 'yes', 'payment:erzsebet': 'yes', 'payment:erzsebet_plus': 'yes', 'payment:edenred_voucher': 'yes', 'payment:edenred_card': 'yes', 'payment:otp_cafeteria': 'yes',  'payment:multipay': 'yes', 'payment:mastercard_electronic': 'yes', 'payment:maestro': 'yes',  'payment:visa_electron': 'yes', 'payment:mastercard_contactless': 'yes', 'payment:otp_bankpont': 'yes',  'payment:american_express': 'yes', 'payment:jcb': 'yes', 'payment:v_pay': 'yes',  'payment:unionpay': 'yes',  'payment:cash': 'yes', }",https://www.spar.hu,huspardcon,(spar|despar),False,False,2000.0,200.0,15.0,,,,,2020-05-17T14:09:01Z,,,,True
7840,4539,39,DESpar Tatabánya,1010,2800,Tatabánya,Győri út,,11006,POINT (47.598429 18.387544),Győri út 11006 hrsz.,/uzletek/despar-tatabanya-2800-gyri-ut-11006-hrsz-,,,,,,,,,,,,,,,6800260,,,,,,,,,,,,,,,,,,,,,,,,,,,,,,,,,,False,,"{not_in_water,street_is_around,street_metaphone_is_around}",{},,2020-05-11 22:08:01.023852+00:00,,,47.598429,18.387544,39,DeSpar,shop,"{'shop': 'convenience', 'operator': 'SPAR Magyarország Kereskedelmi Kft.', 'brand': 'Spar','brand:wikipedia': 'hu:Spar', 'brand:wikidata': 'Q610492',  'contact:email': 'vevoszolgalat@spar.hu', 'phone': '+36208237727', 'contact:facebook': 'https://www.facebook.com/sparmagyarorszag', 'contact:youtube': 'https://www.youtube.com/channel/UC9tu8COHiy4WkeTIN1k_Y8A', 'contact:instagram': 'https://www.instagram.com/sparmagyarorszag',  'payment:contactless': 'yes', 'payment:mastercard': 'yes', 'payment:visa': 'yes', 'payment:erzsebet': 'yes', 'payment:erzsebet_plus': 'yes', 'payment:edenred_voucher': 'yes', 'payment:edenred_card': 'yes', 'payment:otp_cafeteria': 'yes',  'payment:multipay': 'yes', 'payment:mastercard_electronic': 'yes', 'payment:maestro': 'yes',  'payment:visa_electron': 'yes', 'payment:mastercard_contactless': 'yes', 'payment:otp_bankpont': 'yes',  'payment:american_express': 'yes', 'payment:jcb': 'yes', 'payment:v_pay': 'yes',  'payment:unionpay': 'yes',  'payment:cash': 'yes', }",https://www.spar.hu,huspardcon,(spar|despar),False,False,2000.0,200.0,15.0,,,,,2020-05-17T14:09:01Z,,,,True
7841,4530,39,DESpar Oroszlány,1028,2840,Oroszlány,Rákóczi Ferenc út,1,,POINT (47.485307 18.310374),Rákóczi Ferenc út 1.,/uzletek/despar-oroszlany-2840-rakoczi-ferenc-ut-1-,,,,,,,,,,,,,,,6801420,,,,,,,,,,,,,,,,,,,,,,,,,,,,,,,,,,False,,"{not_in_water,street_is_around,street_metaphone_is_around}",{},,2020-05-11 22:08:01.023852+00:00,,,47.4841446,18.309755,39,DeSpar,shop,"{'shop': 'convenience', 'operator': 'SPAR Magyarország Kereskedelmi Kft.', 'brand': 'Spar','brand:wikipedia': 'hu:Spar', 'brand:wikidata': 'Q610492',  'contact:email': 'vevoszolgalat@spar.hu', 'phone': '+36208237727', 'contact:facebook': 'https://www.facebook.com/sparmagyarorszag', 'contact:youtube': 'https://www.youtube.com/channel/UC9tu8COHiy4WkeTIN1k_Y8A', 'contact:instagram': 'https://www.instagram.com/sparmagyarorszag',  'payment:contactless': 'yes', 'payment:mastercard': 'yes', 'payment:visa': 'yes', 'payment:erzsebet': 'yes', 'payment:erzsebet_plus': 'yes', 'payment:edenred_voucher': 'yes', 'payment:edenred_card': 'yes', 'payment:otp_cafeteria': 'yes',  'payment:multipay': 'yes', 'payment:mastercard_electronic': 'yes', 'payment:maestro': 'yes',  'payment:visa_electron': 'yes', 'payment:mastercard_contactless': 'yes', 'payment:otp_bankpont': 'yes',  'payment:american_express': 'yes', 'payment:jcb': 'yes', 'payment:v_pay': 'yes',  'payment:unionpay': 'yes',  'payment:cash': 'yes', }",https://www.spar.hu,huspardcon,(spar|despar),False,False,2000.0,200.0,15.0,2434385686,OSM_object_type.node,4,0,2017-09-14T12:26:56Z,"{'name': 'SPAR', 'shop': 'supermarket', 'wheelchair': 'limited', 'toilets:wheelchair': 'no', 'website': 'http://www.spar.hu', 'contact:website': 'http://www.spar.hu'}",,137.36794959,
7842,4536,39,DESpar Salgótarján,1139,3104,Salgótarján,Budapesti út,34,,POINT (48.069658 19.783118),Budapesti út 34.,/uzletek/despar-salgotarjan-3100-budapesti-ut-34-,,,,,,,,,,,,,,,6800050,,,,,,,,,,,,,,,,,,,,,,,,,,,,,,,,,,False,,"{not_in_water,street_is_around,street_metaphone_is_around}",{},,2020-05-11 22:08:01.023852+00:00,,,48.069658,19.783118,39,DeSpar,shop,"{'shop': 'convenience', 'operator': 'SPAR Magyarország Kereskedelmi Kft.', 'brand': 'Spar','brand:wikipedia': 'hu:Spar', 'brand:wikidata': 'Q610492',  'contact:email': 'vevoszolgalat@spar.hu', 'phone': '+36208237727', 'contact:facebook': 'https://www.facebook.com/sparmagyarorszag', 'contact:youtube': 'https://www.youtube.com/channel/UC9tu8COHiy4WkeTIN1k_Y8A', 'contact:instagram': 'https://www.instagram.com/sparmagyarorszag',  'payment:contactless': 'yes', 'payment:mastercard': 'yes', 'payment:visa': 'yes', 'payment:erzsebet': 'yes', 'payment:erzsebet_plus': 'yes', 'payment:edenred_voucher': 'yes', 'payment:edenred_card': 'yes', 'payment:otp_cafeteria': 'yes',  'payment:multipay': 'yes', 'payment:mastercard_electronic': 'yes', 'payment:maestro': 'yes',  'payment:visa_electron': 'yes', 'payment:mastercard_contactless': 'yes', 'payment:otp_bankpont': 'yes',  'payment:american_express': 'yes', 'payment:jcb': 'yes', 'payment:v_pay': 'yes',  'payment:unionpay': 'yes',  'payment:cash': 'yes', }",https://www.spar.hu,huspardcon,(spar|despar),False,False,2000.0,200.0,15.0,,,,,2020-05-17T14:09:01Z,,,,True
7843,4524,39,DESpar Gyöngyös,1195,3200,Gyöngyös,Róbert Károly út,,,POINT (47.774814 19.927158),Róbert Károly utca,/uzletek/despar-gyoengyoes-3200-robert-karoly-utca,,,,,,,,,,,,,,,6800080,,,,,,,,,,,,,,,,,,,,,,,,,,,,,,,,,,False,,"{not_in_water,street_is_around,street_metaphone_is_around}",{},,2020-05-11 22:08:01.023852+00:00,,,47.774814,19.927158,39,DeSpar,shop,"{'shop': 'convenience', 'operator': 'SPAR Magyarország Kereskedelmi Kft.', 'brand': 'Spar','brand:wikipedia': 'hu:Spar', 'brand:wikidata': 'Q610492',  'contact:email': 'vevoszolgalat@spar.hu', 'phone': '+36208237727', 'contact:facebook': 'https://www.facebook.com/sparmagyarorszag', 'contact:youtube': 'https://www.youtube.com/channel/UC9tu8COHiy4WkeTIN1k_Y8A', 'contact:instagram': 'https://www.instagram.com/sparmagyarorszag',  'payment:contactless': 'yes', 'payment:mastercard': 'yes', 'payment:visa': 'yes', 'payment:erzsebet': 'yes', 'payment:erzsebet_plus': 'yes', 'payment:edenred_voucher': 'yes', 'payment:edenred_card': 'yes', 'payment:otp_cafeteria': 'yes',  'payment:multipay': 'yes', 'payment:mastercard_electronic': 'yes', 'payment:maestro': 'yes',  'payment:visa_electron': 'yes', 'payment:mastercard_contactless': 'yes', 'payment:otp_bankpont': 'yes',  'payment:american_express': 'yes', 'payment:jcb': 'yes', 'payment:v_pay': 'yes',  'payment:unionpay': 'yes',  'payment:cash': 'yes', }",https://www.spar.hu,huspardcon,(spar|despar),False,False,2000.0,200.0,15.0,,,,,2020-05-17T14:09:01Z,,,,True
7844,4523,39,DESpar Eger,1246,3300,Eger,Kistályai út,18,,POINT (47.86884 20.404639),KISTÁLYAI ÚT 18,/uzletek/despar-eger-3300-kistalyai-ut-18,,,,,,,,,,,,,,,6801430,,,,,,,,,,,,,,,,,,,,,,,,,,,,,,,,,,False,,"{not_in_water,street_is_around,street_metaphone_is_around}",{},,2020-05-11 22:08:01.023852+00:00,,,47.86884,20.404639,39,DeSpar,shop,"{'shop': 'convenience', 'operator': 'SPAR Magyarország Kereskedelmi Kft.', 'brand': 'Spar','brand:wikipedia': 'hu:Spar', 'brand:wikidata': 'Q610492',  'contact:email': 'vevoszolgalat@spar.hu', 'phone': '+36208237727', 'contact:facebook': 'https://www.facebook.com/sparmagyarorszag', 'contact:youtube': 'https://www.youtube.com/channel/UC9tu8COHiy4WkeTIN1k_Y8A', 'contact:instagram': 'https://www.instagram.com/sparmagyarorszag',  'payment:contactless': 'yes', 'payment:mastercard': 'yes', 'payment:visa': 'yes', 'payment:erzsebet': 'yes', 'payment:erzsebet_plus': 'yes', 'payment:edenred_voucher': 'yes', 'payment:edenred_card': 'yes', 'payment:otp_cafeteria': 'yes',  'payment:multipay': 'yes', 'payment:mastercard_electronic': 'yes', 'payment:maestro': 'yes',  'payment:visa_electron': 'yes', 'payment:mastercard_contactless': 'yes', 'payment:otp_bankpont': 'yes',  'payment:american_express': 'yes', 'payment:jcb': 'yes', 'payment:v_pay': 'yes',  'payment:unionpay': 'yes',  'payment:cash': 'yes', }",https://www.spar.hu,huspardcon,(spar|despar),False,False,2000.0,200.0,15.0,,,,,2020-05-17T14:09:01Z,,,,True
7845,4533,39,DESpar Poroszló,1305,3388,Poroszló,"33. számú főközlekedési út, Fő út",139,,POINT (47.644757 20.63648),"33-as főút, Fő út 139.",/uzletek/despar-poroszlo-3388-33-as-fut-f-ut-139-,,,,,,,,,,,,,,,6801210,,,,,,,,,,,,,,,,,,,,,,,,,,,,,,,,,,False,,{not_in_water},"{street_is_not_around,street_metaphone_is_not_around}",,2020-05-11 22:08:01.023852+00:00,,,47.644757,20.63648,39,DeSpar,shop,"{'shop': 'convenience', 'operator': 'SPAR Magyarország Kereskedelmi Kft.', 'brand': 'Spar','brand:wikipedia': 'hu:Spar', 'brand:wikidata': 'Q610492',  'contact:email': 'vevoszolgalat@spar.hu', 'phone': '+36208237727', 'contact:facebook': 'https://www.facebook.com/sparmagyarorszag', 'contact:youtube': 'https://www.youtube.com/channel/UC9tu8COHiy4WkeTIN1k_Y8A', 'contact:instagram': 'https://www.instagram.com/sparmagyarorszag',  'payment:contactless': 'yes', 'payment:mastercard': 'yes', 'payment:visa': 'yes', 'payment:erzsebet': 'yes', 'payment:erzsebet_plus': 'yes', 'payment:edenred_voucher': 'yes', 'payment:edenred_card': 'yes', 'payment:otp_cafeteria': 'yes',  'payment:multipay': 'yes', 'payment:mastercard_electronic': 'yes', 'payment:maestro': 'yes',  'payment:visa_electron': 'yes', 'payment:mastercard_contactless': 'yes', 'payment:otp_bankpont': 'yes',  'payment:american_express': 'yes', 'payment:jcb': 'yes', 'payment:v_pay': 'yes',  'payment:unionpay': 'yes',  'payment:cash': 'yes', }",https://www.spar.hu,huspardcon,(spar|despar),False,False,2000.0,200.0,15.0,,,,,2020-05-17T14:09:01Z,,,,True
7846,4527,39,DESpar Miskolc,1373,3526,Miskolc,Szentpéteri kapu,78,,POINT (48.127042 20.784856),Szentpéteri kapu 78.,/uzletek/despar-miskolc-3526-szentpeteri-kapu-78-,,,,,,,,,,,,,,,6800440,,,,,,,,,,,,,,,,,,,,,,,,,,,,,,,,,,False,,"{not_in_water,street_is_around,street_metaphone_is_around}",{},,2020-05-11 22:08:01.023852+00:00,,,48.127042,20.784856,39,DeSpar,shop,"{'shop': 'convenience', 'operator': 'SPAR Magyarország Kereskedelmi Kft.', 'brand': 'Spar','brand:wikipedia': 'hu:Spar', 'brand:wikidata': 'Q610492',  'contact:email': 'vevoszolgalat@spar.hu', 'phone': '+36208237727', 'contact:facebook': 'https://www.facebook.com/sparmagyarorszag', 'contact:youtube': 'https://www.youtube.com/channel/UC9tu8COHiy4WkeTIN1k_Y8A', 'contact:instagram': 'https://www.instagram.com/sparmagyarorszag',  'payment:contactless': 'yes', 'payment:mastercard': 'yes', 'payment:visa': 'yes', 'payment:erzsebet': 'yes', 'payment:erzsebet_plus': 'yes', 'payment:edenred_voucher': 'yes', 'payment:edenred_card': 'yes', 'payment:otp_cafeteria': 'yes',  'payment:multipay': 'yes', 'payment:mastercard_electronic': 'yes', 'payment:maestro': 'yes',  'payment:visa_electron': 'yes', 'payment:mastercard_contactless': 'yes', 'payment:otp_bankpont': 'yes',  'payment:american_express': 'yes', 'payment:jcb': 'yes', 'payment:v_pay': 'yes',  'payment:unionpay': 'yes',  'payment:cash': 'yes', }",https://www.spar.hu,huspardcon,(spar|despar),False,False,2000.0,200.0,15.0,,,,,2020-05-17T14:09:01Z,,,,True
7847,4520,39,DESpar Debrecen,1772,4002,Debrecen,Külső Balmazújvárosi út,1,,POINT (47.545627 21.579513),Külső Balmazújváosi út 1.,/uzletek/despar-debrecen-4031-kuels-balmazujvaosi-ut-1-,,,,,,,,,,,,,,,6800480,,,,,,,,,,,,,,,,,,,,,,,,,,,,,,,,,,False,,"{not_in_water,street_is_around,street_metaphone_is_around}",{},,2020-05-11 22:08:01.023852+00:00,,,47.545627,21.579513,39,DeSpar,shop,"{'shop': 'convenience', 'operator': 'SPAR Magyarország Kereskedelmi Kft.', 'brand': 'Spar','brand:wikipedia': 'hu:Spar', 'brand:wikidata': 'Q610492',  'contact:email': 'vevoszolgalat@spar.hu', 'phone': '+36208237727', 'contact:facebook': 'https://www.facebook.com/sparmagyarorszag', 'contact:youtube': 'https://www.youtube.com/channel/UC9tu8COHiy4WkeTIN1k_Y8A', 'contact:instagram': 'https://www.instagram.com/sparmagyarorszag',  'payment:contactless': 'yes', 'payment:mastercard': 'yes', 'payment:visa': 'yes', 'payment:erzsebet': 'yes', 'payment:erzsebet_plus': 'yes', 'payment:edenred_voucher': 'yes', 'payment:edenred_card': 'yes', 'payment:otp_cafeteria': 'yes',  'payment:multipay': 'yes', 'payment:mastercard_electronic': 'yes', 'payment:maestro': 'yes',  'payment:visa_electron': 'yes', 'payment:mastercard_contactless': 'yes', 'payment:otp_bankpont': 'yes',  'payment:american_express': 'yes', 'payment:jcb': 'yes', 'payment:v_pay': 'yes',  'payment:unionpay': 'yes',  'payment:cash': 'yes', }",https://www.spar.hu,huspardcon,(spar|despar),False,False,2000.0,200.0,15.0,,,,,2020-05-17T14:09:01Z,,,,True
7848,4534,39,DESpar Pusztamonostor,2190,5125,Pusztamonostor,32 ES főút,,0102/45,POINT (47.559039 19.784923),32 ES FŐÚT 0102/45 HRSZ,/uzletek/despar-pusztamonostor-5125-32-es-f-ut-0102-45-hrsz,,,,,,,,,,,,,,,6801150,,,,,,,,,,,,,,,,,,,,,,,,,,,,,,,,,,False,,{not_in_water},"{street_is_not_around,street_metaphone_is_not_around}",,2020-05-11 22:08:01.023852+00:00,,,47.559039,19.784923,39,DeSpar,shop,"{'shop': 'convenience', 'operator': 'SPAR Magyarország Kereskedelmi Kft.', 'brand': 'Spar','brand:wikipedia': 'hu:Spar', 'brand:wikidata': 'Q610492',  'contact:email': 'vevoszolgalat@spar.hu', 'phone': '+36208237727', 'contact:facebook': 'https://www.facebook.com/sparmagyarorszag', 'contact:youtube': 'https://www.youtube.com/channel/UC9tu8COHiy4WkeTIN1k_Y8A', 'contact:instagram': 'https://www.instagram.com/sparmagyarorszag',  'payment:contactless': 'yes', 'payment:mastercard': 'yes', 'payment:visa': 'yes', 'payment:erzsebet': 'yes', 'payment:erzsebet_plus': 'yes', 'payment:edenred_voucher': 'yes', 'payment:edenred_card': 'yes', 'payment:otp_cafeteria': 'yes',  'payment:multipay': 'yes', 'payment:mastercard_electronic': 'yes', 'payment:maestro': 'yes',  'payment:visa_electron': 'yes', 'payment:mastercard_contactless': 'yes', 'payment:otp_bankpont': 'yes',  'payment:american_express': 'yes', 'payment:jcb': 'yes', 'payment:v_pay': 'yes',  'payment:unionpay': 'yes',  'payment:cash': 'yes', }",https://www.spar.hu,huspardcon,(spar|despar),False,False,2000.0,200.0,15.0,,,,,2020-05-17T14:09:01Z,,,,True
7849,4525,39,DESpar Karcag,2217,5300,Karcag,Madarasi út,48,,POINT (47.321031 20.912487),Madarasi út 48.,/uzletek/despar-karcag-5300-madarasi-ut-48-,,,,,,,,,,,,,,,6801610,,,,,,,,,,,,,,,,,,,,,,,,,,,,,,,,,,False,,"{not_in_water,street_is_around,street_metaphone_is_around}",{},,2020-05-11 22:08:01.023852+00:00,,,47.321031,20.912487,39,DeSpar,shop,"{'shop': 'convenience', 'operator': 'SPAR Magyarország Kereskedelmi Kft.', 'brand': 'Spar','brand:wikipedia': 'hu:Spar', 'brand:wikidata': 'Q610492',  'contact:email': 'vevoszolgalat@spar.hu', 'phone': '+36208237727', 'contact:facebook': 'https://www.facebook.com/sparmagyarorszag', 'contact:youtube': 'https://www.youtube.com/channel/UC9tu8COHiy4WkeTIN1k_Y8A', 'contact:instagram': 'https://www.instagram.com/sparmagyarorszag',  'payment:contactless': 'yes', 'payment:mastercard': 'yes', 'payment:visa': 'yes', 'payment:erzsebet': 'yes', 'payment:erzsebet_plus': 'yes', 'payment:edenred_voucher': 'yes', 'payment:edenred_card': 'yes', 'payment:otp_cafeteria': 'yes',  'payment:multipay': 'yes', 'payment:mastercard_electronic': 'yes', 'payment:maestro': 'yes',  'payment:visa_electron': 'yes', 'payment:mastercard_contactless': 'yes', 'payment:otp_bankpont': 'yes',  'payment:american_express': 'yes', 'payment:jcb': 'yes', 'payment:v_pay': 'yes',  'payment:unionpay': 'yes',  'payment:cash': 'yes', }",https://www.spar.hu,huspardcon,(spar|despar),False,False,2000.0,200.0,15.0,,,,,2020-05-17T14:09:01Z,,,,True
7850,4529,39,DESpar Orosháza,2352,5900,Orosháza,Arany János utca,19,,POINT (46.567573 20.675637),Arany János utca 19.,/uzletek/despar-oroshaza-5900-arany-janos-utca-19-,,,,,,,,,,,,,,,6801450,,,,,,,,,,,,,,,,,,,,,,,,,,,,,,,,,,False,,"{not_in_water,street_is_around,street_metaphone_is_around}",{},,2020-05-11 22:08:01.023852+00:00,,,46.567573,20.675637,39,DeSpar,shop,"{'shop': 'convenience', 'operator': 'SPAR Magyarország Kereskedelmi Kft.', 'brand': 'Spar','brand:wikipedia': 'hu:Spar', 'brand:wikidata': 'Q610492',  'contact:email': 'vevoszolgalat@spar.hu', 'phone': '+36208237727', 'contact:facebook': 'https://www.facebook.com/sparmagyarorszag', 'contact:youtube': 'https://www.youtube.com/channel/UC9tu8COHiy4WkeTIN1k_Y8A', 'contact:instagram': 'https://www.instagram.com/sparmagyarorszag',  'payment:contactless': 'yes', 'payment:mastercard': 'yes', 'payment:visa': 'yes', 'payment:erzsebet': 'yes', 'payment:erzsebet_plus': 'yes', 'payment:edenred_voucher': 'yes', 'payment:edenred_card': 'yes', 'payment:otp_cafeteria': 'yes',  'payment:multipay': 'yes', 'payment:mastercard_electronic': 'yes', 'payment:maestro': 'yes',  'payment:visa_electron': 'yes', 'payment:mastercard_contactless': 'yes', 'payment:otp_bankpont': 'yes',  'payment:american_express': 'yes', 'payment:jcb': 'yes', 'payment:v_pay': 'yes',  'payment:unionpay': 'yes',  'payment:cash': 'yes', }",https://www.spar.hu,huspardcon,(spar|despar),False,False,2000.0,200.0,15.0,,,,,2020-05-17T14:09:01Z,,,,True
7851,4519,39,DESpar Bátaszék,2702,7140,Bátaszék,Mozi tér,1,,POINT (46.187048 18.721481),Mozi tér 1.,/uzletek/despar-bataszek-7140-mozi-ter-1-,,,,,,,,,,,,,,,6801030,,,,,,,,,,,,,,,,,,,,,,,,,,,,,,,,,,False,,"{not_in_water,street_is_around,street_metaphone_is_around}",{},,2020-05-11 22:08:01.023852+00:00,,,46.187048,18.721481,39,DeSpar,shop,"{'shop': 'convenience', 'operator': 'SPAR Magyarország Kereskedelmi Kft.', 'brand': 'Spar','brand:wikipedia': 'hu:Spar', 'brand:wikidata': 'Q610492',  'contact:email': 'vevoszolgalat@spar.hu', 'phone': '+36208237727', 'contact:facebook': 'https://www.facebook.com/sparmagyarorszag', 'contact:youtube': 'https://www.youtube.com/channel/UC9tu8COHiy4WkeTIN1k_Y8A', 'contact:instagram': 'https://www.instagram.com/sparmagyarorszag',  'payment:contactless': 'yes', 'payment:mastercard': 'yes', 'payment:visa': 'yes', 'payment:erzsebet': 'yes', 'payment:erzsebet_plus': 'yes', 'payment:edenred_voucher': 'yes', 'payment:edenred_card': 'yes', 'payment:otp_cafeteria': 'yes',  'payment:multipay': 'yes', 'payment:mastercard_electronic': 'yes', 'payment:maestro': 'yes',  'payment:visa_electron': 'yes', 'payment:mastercard_contactless': 'yes', 'payment:otp_bankpont': 'yes',  'payment:american_express': 'yes', 'payment:jcb': 'yes', 'payment:v_pay': 'yes',  'payment:unionpay': 'yes',  'payment:cash': 'yes', }",https://www.spar.hu,huspardcon,(spar|despar),False,False,2000.0,200.0,15.0,,,,,2020-05-17T14:09:01Z,,,,True
7852,4535,39,DESpar Pécs,2974,7632,Pécs,Megyeri út,65,,POINT (46.05622 18.211641),Megyeri út 65.,/uzletek/despar-pecs-7623-megyeri-ut-65-,,,,,,,,,,,,,,,6800280,,,,,,,,,,,,,,,,,,,,,,,,,,,,,,,,,,False,,"{not_in_water,street_is_around,street_metaphone_is_around}",{},,2020-05-11 22:08:01.023852+00:00,,,46.05622,18.211641,39,DeSpar,shop,"{'shop': 'convenience', 'operator': 'SPAR Magyarország Kereskedelmi Kft.', 'brand': 'Spar','brand:wikipedia': 'hu:Spar', 'brand:wikidata': 'Q610492',  'contact:email': 'vevoszolgalat@spar.hu', 'phone': '+36208237727', 'contact:facebook': 'https://www.facebook.com/sparmagyarorszag', 'contact:youtube': 'https://www.youtube.com/channel/UC9tu8COHiy4WkeTIN1k_Y8A', 'contact:instagram': 'https://www.instagram.com/sparmagyarorszag',  'payment:contactless': 'yes', 'payment:mastercard': 'yes', 'payment:visa': 'yes', 'payment:erzsebet': 'yes', 'payment:erzsebet_plus': 'yes', 'payment:edenred_voucher': 'yes', 'payment:edenred_card': 'yes', 'payment:otp_cafeteria': 'yes',  'payment:multipay': 'yes', 'payment:mastercard_electronic': 'yes', 'payment:maestro': 'yes',  'payment:visa_electron': 'yes', 'payment:mastercard_contactless': 'yes', 'payment:otp_bankpont': 'yes',  'payment:american_express': 'yes', 'payment:jcb': 'yes', 'payment:v_pay': 'yes',  'payment:unionpay': 'yes',  'payment:cash': 'yes', }",https://www.spar.hu,huspardcon,(spar|despar),False,False,2000.0,200.0,15.0,,,,,2020-05-17T14:09:01Z,,,,True
7853,4514,39,DESpar Balatonakarattya,3355,8164,Balatonakarattya,71. számú főközlekedési út,,,POINT (47.007339 18.174358),71-es útsz.,/uzletek/despar-balatonakarattya-8172-71-es-utsz-,,,,,,,,,,,,,,,6800120,,,,,,,,,,,,,,,,,,,,,,,,,,,,,,,,,,False,,{not_in_water},"{street_is_not_around,street_metaphone_is_not_around}",,2020-05-11 22:08:01.023852+00:00,,,47.007339,18.174358,39,DeSpar,shop,"{'shop': 'convenience', 'operator': 'SPAR Magyarország Kereskedelmi Kft.', 'brand': 'Spar','brand:wikipedia': 'hu:Spar', 'brand:wikidata': 'Q610492',  'contact:email': 'vevoszolgalat@spar.hu', 'phone': '+36208237727', 'contact:facebook': 'https://www.facebook.com/sparmagyarorszag', 'contact:youtube': 'https://www.youtube.com/channel/UC9tu8COHiy4WkeTIN1k_Y8A', 'contact:instagram': 'https://www.instagram.com/sparmagyarorszag',  'payment:contactless': 'yes', 'payment:mastercard': 'yes', 'payment:visa': 'yes', 'payment:erzsebet': 'yes', 'payment:erzsebet_plus': 'yes', 'payment:edenred_voucher': 'yes', 'payment:edenred_card': 'yes', 'payment:otp_cafeteria': 'yes',  'payment:multipay': 'yes', 'payment:mastercard_electronic': 'yes', 'payment:maestro': 'yes',  'payment:visa_electron': 'yes', 'payment:mastercard_contactless': 'yes', 'payment:otp_bankpont': 'yes',  'payment:american_express': 'yes', 'payment:jcb': 'yes', 'payment:v_pay': 'yes',  'payment:unionpay': 'yes',  'payment:cash': 'yes', }",https://www.spar.hu,huspardcon,(spar|despar),False,False,2000.0,200.0,15.0,,,,,2020-05-17T14:09:01Z,,,,True
7854,4542,39,DESpar Veszprém,3368,8200,Veszprém,Mártírok útja,15,,POINT (47.083328 17.913857),Mártírok útja 15.,/uzletek/despar-veszprem-8200-martirok-utja-15-,,,,,,,,,,,,,,,6800030,,,,,,,,,,,,,,,,,,,,,,,,,,,,,,,,,,False,,"{not_in_water,street_is_around,street_metaphone_is_around}",{},,2020-05-11 22:08:01.023852+00:00,,,47.083328,17.913857,39,DeSpar,shop,"{'shop': 'convenience', 'operator': 'SPAR Magyarország Kereskedelmi Kft.', 'brand': 'Spar','brand:wikipedia': 'hu:Spar', 'brand:wikidata': 'Q610492',  'contact:email': 'vevoszolgalat@spar.hu', 'phone': '+36208237727', 'contact:facebook': 'https://www.facebook.com/sparmagyarorszag', 'contact:youtube': 'https://www.youtube.com/channel/UC9tu8COHiy4WkeTIN1k_Y8A', 'contact:instagram': 'https://www.instagram.com/sparmagyarorszag',  'payment:contactless': 'yes', 'payment:mastercard': 'yes', 'payment:visa': 'yes', 'payment:erzsebet': 'yes', 'payment:erzsebet_plus': 'yes', 'payment:edenred_voucher': 'yes', 'payment:edenred_card': 'yes', 'payment:otp_cafeteria': 'yes',  'payment:multipay': 'yes', 'payment:mastercard_electronic': 'yes', 'payment:maestro': 'yes',  'payment:visa_electron': 'yes', 'payment:mastercard_contactless': 'yes', 'payment:otp_bankpont': 'yes',  'payment:american_express': 'yes', 'payment:jcb': 'yes', 'payment:v_pay': 'yes',  'payment:unionpay': 'yes',  'payment:cash': 'yes', }",https://www.spar.hu,huspardcon,(spar|despar),False,False,2000.0,200.0,15.0,,,,,2020-05-17T14:09:01Z,,,,True
7855,4526,39,DESpar Keszthely,3493,8360,Keszthely,Tapolcai út,,,POINT (46.773177 17.271761),Tapolcai út,/uzletek/despar-keszthely-8360-tapolcai-ut,,,,,,,,,,,,,,,6800090,,,,,,,,,,,,,,,,,,,,,,,,,,,,,,,,,,False,,"{not_in_water,street_is_around,street_metaphone_is_around}",{},,2020-05-11 22:08:01.023852+00:00,,,46.773177,17.271761,39,DeSpar,shop,"{'shop': 'convenience', 'operator': 'SPAR Magyarország Kereskedelmi Kft.', 'brand': 'Spar','brand:wikipedia': 'hu:Spar', 'brand:wikidata': 'Q610492',  'contact:email': 'vevoszolgalat@spar.hu', 'phone': '+36208237727', 'contact:facebook': 'https://www.facebook.com/sparmagyarorszag', 'contact:youtube': 'https://www.youtube.com/channel/UC9tu8COHiy4WkeTIN1k_Y8A', 'contact:instagram': 'https://www.instagram.com/sparmagyarorszag',  'payment:contactless': 'yes', 'payment:mastercard': 'yes', 'payment:visa': 'yes', 'payment:erzsebet': 'yes', 'payment:erzsebet_plus': 'yes', 'payment:edenred_voucher': 'yes', 'payment:edenred_card': 'yes', 'payment:otp_cafeteria': 'yes',  'payment:multipay': 'yes', 'payment:mastercard_electronic': 'yes', 'payment:maestro': 'yes',  'payment:visa_electron': 'yes', 'payment:mastercard_contactless': 'yes', 'payment:otp_bankpont': 'yes',  'payment:american_express': 'yes', 'payment:jcb': 'yes', 'payment:v_pay': 'yes',  'payment:unionpay': 'yes',  'payment:cash': 'yes', }",https://www.spar.hu,huspardcon,(spar|despar),False,False,2000.0,200.0,15.0,,,,,2020-05-17T14:09:01Z,,,,True
7856,4538,39,DESpar Szántód,3666,8622,Szántód,"7. számú főközlekedési út, Siófoki út",,4455/4,POINT (46.861717 17.904974),"7-es főút, Siófoki út 4455/4 hrsz",/uzletek/despar-szantod-8622-7-es-fut-siofoki-ut-4455-4-hrsz,,,,,,,,,,,,,,,6801060,,,,,,,,,,,,,,,,,,,,,,,,,,,,,,,,,,False,,{not_in_water},"{street_is_not_around,street_metaphone_is_not_around}",,2020-05-11 22:08:01.023852+00:00,,,46.8608614,17.9045602745352,39,DeSpar,shop,"{'shop': 'convenience', 'operator': 'SPAR Magyarország Kereskedelmi Kft.', 'brand': 'Spar','brand:wikipedia': 'hu:Spar', 'brand:wikidata': 'Q610492',  'contact:email': 'vevoszolgalat@spar.hu', 'phone': '+36208237727', 'contact:facebook': 'https://www.facebook.com/sparmagyarorszag', 'contact:youtube': 'https://www.youtube.com/channel/UC9tu8COHiy4WkeTIN1k_Y8A', 'contact:instagram': 'https://www.instagram.com/sparmagyarorszag',  'payment:contactless': 'yes', 'payment:mastercard': 'yes', 'payment:visa': 'yes', 'payment:erzsebet': 'yes', 'payment:erzsebet_plus': 'yes', 'payment:edenred_voucher': 'yes', 'payment:edenred_card': 'yes', 'payment:otp_cafeteria': 'yes',  'payment:multipay': 'yes', 'payment:mastercard_electronic': 'yes', 'payment:maestro': 'yes',  'payment:visa_electron': 'yes', 'payment:mastercard_contactless': 'yes', 'payment:otp_bankpont': 'yes',  'payment:american_express': 'yes', 'payment:jcb': 'yes', 'payment:v_pay': 'yes',  'payment:unionpay': 'yes',  'payment:cash': 'yes', }",https://www.spar.hu,huspardcon,(spar|despar),False,False,2000.0,200.0,15.0,116727901,OSM_object_type.way,10,0,2020-05-12T21:34:36Z,"{'name': 'Spar', 'phone': '+3620837714', 'shop': 'supermarket', 'addr:housenumber': '3', 'opening_hours': 'Mo-Sa 06:30-20:00; Su 07:00-13:00', 'building': 'retail', 'addr:postcode': '8622', 'addr:city': 'Szántód', 'wheelchair': 'yes', 'toilets:wheelchair': 'no', 'website': 'http://www.spar.hu', 'contact:website': 'http://www.spar.hu', 'addr:street': 'Siófoki út'}","[1315236768, 5732340905, 5732340904, 4081604809, 1315236747, 1315236711, 5732340902, 5732340901, 5732340900, 5732340899, 5732340897, 5732340898, 1315236703, 1315236768]",70.44865208,
7857,4531,39,DESpar Pacsa,3788,8761,Pacsa,75 ÖS főút,7,,POINT (46.723705 17.022229),75 ÖS FŐÚT 7 HRSZ,/uzletek/despar-pacsa-8761-75-os-f-ut-7-hrsz,,,,,,,,,,,,,,,6801250,,,,,,,,,,,,,,,,,,,,,,,,,,,,,,,,,,False,,{not_in_water},"{street_is_not_around,street_metaphone_is_not_around}",,2020-05-11 22:08:01.023852+00:00,,,46.723705,17.022229,39,DeSpar,shop,"{'shop': 'convenience', 'operator': 'SPAR Magyarország Kereskedelmi Kft.', 'brand': 'Spar','brand:wikipedia': 'hu:Spar', 'brand:wikidata': 'Q610492',  'contact:email': 'vevoszolgalat@spar.hu', 'phone': '+36208237727', 'contact:facebook': 'https://www.facebook.com/sparmagyarorszag', 'contact:youtube': 'https://www.youtube.com/channel/UC9tu8COHiy4WkeTIN1k_Y8A', 'contact:instagram': 'https://www.instagram.com/sparmagyarorszag',  'payment:contactless': 'yes', 'payment:mastercard': 'yes', 'payment:visa': 'yes', 'payment:erzsebet': 'yes', 'payment:erzsebet_plus': 'yes', 'payment:edenred_voucher': 'yes', 'payment:edenred_card': 'yes', 'payment:otp_cafeteria': 'yes',  'payment:multipay': 'yes', 'payment:mastercard_electronic': 'yes', 'payment:maestro': 'yes',  'payment:visa_electron': 'yes', 'payment:mastercard_contactless': 'yes', 'payment:otp_bankpont': 'yes',  'payment:american_express': 'yes', 'payment:jcb': 'yes', 'payment:v_pay': 'yes',  'payment:unionpay': 'yes',  'payment:cash': 'yes', }",https://www.spar.hu,huspardcon,(spar|despar),False,False,2000.0,200.0,15.0,,,,,2020-05-17T14:09:01Z,,,,True
7858,4528,39,DESpar Nagykanizsa,3831,8800,Nagykanizsa,Magyar utca,118,,POINT (46.466685 16.985351),Magyar utca 118.,/uzletek/despar-nagykanizsa-8800-magyar-utca-118-,,,,,,,,,,,,,,,6800510,,,,,,,,,,,,,,,,,,,,,,,,,,,,,,,,,,False,,"{not_in_water,street_is_around,street_metaphone_is_around}",{},,2020-05-11 22:08:01.023852+00:00,,,46.466685,16.985351,39,DeSpar,shop,"{'shop': 'convenience', 'operator': 'SPAR Magyarország Kereskedelmi Kft.', 'brand': 'Spar','brand:wikipedia': 'hu:Spar', 'brand:wikidata': 'Q610492',  'contact:email': 'vevoszolgalat@spar.hu', 'phone': '+36208237727', 'contact:facebook': 'https://www.facebook.com/sparmagyarorszag', 'contact:youtube': 'https://www.youtube.com/channel/UC9tu8COHiy4WkeTIN1k_Y8A', 'contact:instagram': 'https://www.instagram.com/sparmagyarorszag',  'payment:contactless': 'yes', 'payment:mastercard': 'yes', 'payment:visa': 'yes', 'payment:erzsebet': 'yes', 'payment:erzsebet_plus': 'yes', 'payment:edenred_voucher': 'yes', 'payment:edenred_card': 'yes', 'payment:otp_cafeteria': 'yes',  'payment:multipay': 'yes', 'payment:mastercard_electronic': 'yes', 'payment:maestro': 'yes',  'payment:visa_electron': 'yes', 'payment:mastercard_contactless': 'yes', 'payment:otp_bankpont': 'yes',  'payment:american_express': 'yes', 'payment:jcb': 'yes', 'payment:v_pay': 'yes',  'payment:unionpay': 'yes',  'payment:cash': 'yes', }",https://www.spar.hu,huspardcon,(spar|despar),False,False,2000.0,200.0,15.0,,,,,2020-05-17T14:09:01Z,,,,True
7859,4543,39,DESpar Zalaegerszeg,3901,8900,Zalaegerszeg,Kaszaházi út,96,,POINT (46.859612 16.851035),Kaszaházi út 96.,/uzletek/despar-zalaegerszeg-8900-haszahazi-ut-96-,,,,,,,,,,,,,,,6800020,,,,,,,,,,,,,,,,,,,,,,,,,,,,,,,,,,False,,"{not_in_water,street_is_around,street_metaphone_is_around}",{},,2020-05-11 22:08:01.023852+00:00,,,46.859612,16.851035,39,DeSpar,shop,"{'shop': 'convenience', 'operator': 'SPAR Magyarország Kereskedelmi Kft.', 'brand': 'Spar','brand:wikipedia': 'hu:Spar', 'brand:wikidata': 'Q610492',  'contact:email': 'vevoszolgalat@spar.hu', 'phone': '+36208237727', 'contact:facebook': 'https://www.facebook.com/sparmagyarorszag', 'contact:youtube': 'https://www.youtube.com/channel/UC9tu8COHiy4WkeTIN1k_Y8A', 'contact:instagram': 'https://www.instagram.com/sparmagyarorszag',  'payment:contactless': 'yes', 'payment:mastercard': 'yes', 'payment:visa': 'yes', 'payment:erzsebet': 'yes', 'payment:erzsebet_plus': 'yes', 'payment:edenred_voucher': 'yes', 'payment:edenred_card': 'yes', 'payment:otp_cafeteria': 'yes',  'payment:multipay': 'yes', 'payment:mastercard_electronic': 'yes', 'payment:maestro': 'yes',  'payment:visa_electron': 'yes', 'payment:mastercard_contactless': 'yes', 'payment:otp_bankpont': 'yes',  'payment:american_express': 'yes', 'payment:jcb': 'yes', 'payment:v_pay': 'yes',  'payment:unionpay': 'yes',  'payment:cash': 'yes', }",https://www.spar.hu,huspardcon,(spar|despar),False,False,2000.0,200.0,15.0,,,,,2020-05-17T14:09:01Z,,,,True
