,pa_id,poi_common_id,poi_branch,poi_addr_city,poi_postcode,poi_city,poi_addr_street,poi_addr_housenumber,poi_conscriptionnumber,poi_geom,original,poi_website,poi_ref,poi_phone,poi_email,poi_opening_hours_nonstop,poi_opening_hours_mo_open,poi_opening_hours_tu_open,poi_opening_hours_we_open,poi_opening_hours_th_open,poi_opening_hours_fr_open,poi_opening_hours_sa_open,poi_opening_hours_su_open,poi_opening_hours_mo_close,poi_opening_hours_tu_close,poi_opening_hours_we_close,poi_opening_hours_th_close,poi_opening_hours_fr_close,poi_opening_hours_sa_close,poi_opening_hours_su_close,poi_opening_hours_summer_mo_open,poi_opening_hours_summer_tu_open,poi_opening_hours_summer_we_open,poi_opening_hours_summer_th_open,poi_opening_hours_summer_fr_open,poi_opening_hours_summer_sa_open,poi_opening_hours_summer_su_open,poi_opening_hours_summer_mo_close,poi_opening_hours_summer_tu_close,poi_opening_hours_summer_we_close,poi_opening_hours_summer_th_close,poi_opening_hours_summer_fr_close,poi_opening_hours_summer_sa_close,poi_opening_hours_summer_su_close,poi_opening_hours_lunch_break_start,poi_opening_hours_lunch_break_stop,poi_public_holiday_open,poi_opening_hours,poi_good,poi_bad,poi_hash,poi_created,poi_updated,poi_deleted,poi_lat,poi_lon,pc_id,poi_name,poi_type,poi_tags,poi_url_base,poi_code,poi_search_name,preserve_original_name,osm_search_distance_perfect,osm_search_distance_safe,osm_search_distance_unsafe,osm_id,osm_node,osm_version,osm_changeset,osm_timestamp,osm_live_tags,osm_nodes,poi_distance
1374,570,21,,2047,4700,Mátészalka,Eötvös József utca,1,,POINT (47.954101 22.318145),Eötvös utca 1.,patikak/salvare-gyogyszertar-p92,,,,,,,,,,,,,,,,,,,,,,,,,,,,,,,,,,,False,,"{not_in_water,street_is_around,street_metaphone_is_around}",{},,2019-08-19 09:27:19.435501+00:00,,,47.954101,22.318145,21,Kulcs Patika,pharmacy,"{'amenity': 'pharmacy', 'brand': 'Kulcs Patika', 'dispensing': 'yes', 'addr:country': 'HU', 'payment:cash': 'yes', 'payment:debit_cards': 'yes', 'air_conditioning': 'yes'}",https://www.kulcspatika.hu/,hukulcspha,(kulcs patika|kulcs),True,,,,238178358,OSM_object_type.way,1,0,2013-09-16T11:57:53Z,"{'dispensing': 'yes', 'amenity': 'pharmacy', 'building': 'yes'}","[2460316479, 2460316490, 2460316469, 2460316462, 2460316479]",4.99083061
1375,571,21,,2047,4700,Mátészalka,Kölcsey Ferenc utca,19,,POINT (47.952850792488 22.316923141479),Kölcsey utca 19.,patikak/kigyo-gyogyszertar-p130,,,,,,,,,,,,,,,,,,,,,,,,,,,,,,,,,,,False,,"{not_in_water,street_is_around,street_metaphone_is_around}",{},,2019-08-19 09:27:19.435501+00:00,,,47.952850792488,22.316923141479,21,Kulcs Patika,pharmacy,"{'amenity': 'pharmacy', 'brand': 'Kulcs Patika', 'dispensing': 'yes', 'addr:country': 'HU', 'payment:cash': 'yes', 'payment:debit_cards': 'yes', 'air_conditioning': 'yes'}",https://www.kulcspatika.hu/,hukulcspha,(kulcs patika|kulcs),True,,,,,,,,2019-08-19T09:33:21Z,,,
1376,572,21,,1900,4320,Nagykálló,Petőfi utca,1,,POINT (47.876215499597 21.8469196558),Petőfi utca 1,patikak/igazgyongy-patika-p163,,,,,,,,,,,,,,,,,,,,,,,,,,,,,,,,,,,False,,{not_in_water},"{street_is_not_around,street_metaphone_is_not_around}",,2019-08-19 09:27:19.435501+00:00,,,47.876215499597,21.8469196558,21,Kulcs Patika,pharmacy,"{'amenity': 'pharmacy', 'brand': 'Kulcs Patika', 'dispensing': 'yes', 'addr:country': 'HU', 'payment:cash': 'yes', 'payment:debit_cards': 'yes', 'air_conditioning': 'yes'}",https://www.kulcspatika.hu/,hukulcspha,(kulcs patika|kulcs),True,,,,,,,,2019-08-19T09:33:21Z,,,
1377,574,21,,2340,5743,Lőkösháza,Alapítók utca,23,,POINT (46.4333 21.2333),Alapítók utca 23.,patikak/kigyo-fiok-patika-p141,,,,,,,,,,,,,,,,,,,,,,,,,,,,,,,,,,,False,,{not_in_water},"{street_is_not_around,street_metaphone_is_not_around}",,2019-08-19 09:27:19.435501+00:00,,,46.4333,21.2333,21,Kulcs Patika,pharmacy,"{'amenity': 'pharmacy', 'brand': 'Kulcs Patika', 'dispensing': 'yes', 'addr:country': 'HU', 'payment:cash': 'yes', 'payment:debit_cards': 'yes', 'air_conditioning': 'yes'}",https://www.kulcspatika.hu/,hukulcspha,(kulcs patika|kulcs),True,,,,,,,,2019-08-19T09:33:21Z,,,
1378,575,21,,1876,4251,Hajdúsámson,Petőfi út,6,,POINT (47.600134942836 21.75393753373),Petőfi út 6.,patikak/samson-patika-p93,,,,,,,,,,,,,,,,,,,,,,,,,,,,,,,,,,,False,,"{not_in_water,street_is_around,street_metaphone_is_around}",{},,2019-08-19 09:27:19.435501+00:00,,,47.6001499874431,21.7540720204797,21,Kulcs Patika,pharmacy,"{'amenity': 'pharmacy', 'brand': 'Kulcs Patika', 'dispensing': 'yes', 'addr:country': 'HU', 'payment:cash': 'yes', 'payment:debit_cards': 'yes', 'air_conditioning': 'yes'}",https://www.kulcspatika.hu/,hukulcspha,(kulcs patika|kulcs),True,,,,3354856157,OSM_object_type.node,1,0,2015-02-16T21:48:50Z,"{'source': 'turistautak.hu', 'url': 'http://turistautak.hu/poi.php?id=80960', 'amenity': 'pharmacy'}",,10.22149352
1379,576,21,,1872,4243,Téglás,Kossuth Lajos utca,59,,POINT (47.71177888515 21.677178067459),Kossuth Lajos utca 59.,patikak/harsfavirag-gyogyszertar-es-gyogynovenybolt-p47,,,,,,,,,,,,,,,,,,,,,,,,,,,,,,,,,,,False,,"{not_in_water,street_is_around,street_metaphone_is_around}",{},,2019-08-19 09:27:19.435501+00:00,,,47.71177888515,21.677178067459,21,Kulcs Patika,pharmacy,"{'amenity': 'pharmacy', 'brand': 'Kulcs Patika', 'dispensing': 'yes', 'addr:country': 'HU', 'payment:cash': 'yes', 'payment:debit_cards': 'yes', 'air_conditioning': 'yes'}",https://www.kulcspatika.hu/,hukulcspha,(kulcs patika|kulcs),True,,,,,,,,2019-08-19T09:33:21Z,,,
1380,577,21,,1773,4029,Debrecen,Csapó utca,66,,POINT (47.53458127337 21.633242328758),Csapó utca 66.,patikak/arany-oroszlan-gyogyszertar-p6,,,,,,,,,,,,,,,,,,,,,,,,,,,,,,,,,,,False,,"{not_in_water,street_is_around,street_metaphone_is_around}",{},,2019-08-19 09:27:19.435501+00:00,,,47.534621962377,21.6333409615768,21,Kulcs Patika,pharmacy,"{'amenity': 'pharmacy', 'brand': 'Kulcs Patika', 'dispensing': 'yes', 'addr:country': 'HU', 'payment:cash': 'yes', 'payment:debit_cards': 'yes', 'air_conditioning': 'yes'}",https://www.kulcspatika.hu/,hukulcspha,(kulcs patika|kulcs),True,,,,3088235365,OSM_object_type.node,2,0,2014-11-02T21:04:22Z,"{'wheelchair': 'yes', 'opening_hours': 'Mo-Fr 08:00-19:00; Sa 08:00-13:00', 'name': 'Arany Oroszlán Gyógyszertár', 'amenity': 'pharmacy'}",,8.67750253
1381,578,21,,1772,4028,Debrecen,Géresi utca,4/A,,POINT (47.546466926898 21.628528833389),Géresi utca 4/A,patikak/nagyerdei-patika-p76,,,,,,,,,,,,,,,,,,,,,,,,,,,,,,,,,,,False,,"{not_in_water,street_is_around,street_metaphone_is_around}",{},,2019-08-19 09:27:19.435501+00:00,,,47.546466926898,21.628528833389,21,Kulcs Patika,pharmacy,"{'amenity': 'pharmacy', 'brand': 'Kulcs Patika', 'dispensing': 'yes', 'addr:country': 'HU', 'payment:cash': 'yes', 'payment:debit_cards': 'yes', 'air_conditioning': 'yes'}",https://www.kulcspatika.hu/,hukulcspha,(kulcs patika|kulcs),True,,,,,,,,2019-08-19T09:33:21Z,,,
1382,579,21,,2325,5700,Gyula,Vásárhelyi Pál utca,4,,POINT (46.642999821858 21.272529959679),Vásárhelyi Pál utca 4.,patikak/aranykereszt-gyogyszertar-p9,,,,,,,,,,,,,,,,,,,,,,,,,,,,,,,,,,,False,,"{not_in_water,street_is_around,street_metaphone_is_around}",{},,2019-08-19 09:27:19.435501+00:00,,,46.6429591927865,21.2726741123675,21,Kulcs Patika,pharmacy,"{'amenity': 'pharmacy', 'brand': 'Kulcs Patika', 'dispensing': 'yes', 'addr:country': 'HU', 'payment:cash': 'yes', 'payment:debit_cards': 'yes', 'air_conditioning': 'yes'}",https://www.kulcspatika.hu/,hukulcspha,(kulcs patika|kulcs),True,,,,5274930866,OSM_object_type.node,1,0,2017-12-10T10:26:09Z,"{'opening_hours': 'Mo-Fr 07:30-18:00; Sa 07:30-12:00', 'name': 'Aranykereszt Gyógyszertár', 'amenity': 'pharmacy'}",,11.89588436
1383,581,21,,2343,5746,Kunágota,Rákóczi utca,28/B,,POINT (46.425087006674 21.051338911057),Rákóczi u 28/B,patikak/ametiszt-gyogyszertar-p152,,,,,,,,,,,,,,,,,,,,,,,,,,,,,,,,,,,False,,{not_in_water},"{street_is_not_around,street_metaphone_is_not_around}",,2019-08-19 09:27:19.435501+00:00,,,46.425087006674,21.051338911057,21,Kulcs Patika,pharmacy,"{'amenity': 'pharmacy', 'brand': 'Kulcs Patika', 'dispensing': 'yes', 'addr:country': 'HU', 'payment:cash': 'yes', 'payment:debit_cards': 'yes', 'air_conditioning': 'yes'}",https://www.kulcspatika.hu/,hukulcspha,(kulcs patika|kulcs),True,,,,,,,,2019-08-19T09:33:21Z,,,
1384,582,21,,2325,5700,Gyula,Nürnbergi utca,1/B,,POINT (46.650342 21.26511),Nürnbergi utca 1/B,patikak/coronella-patika-p23,,,,,,,,,,,,,,,,,,,,,,,,,,,,,,,,,,,False,,"{not_in_water,street_is_around,street_metaphone_is_around}",{},,2019-08-19 09:27:19.435501+00:00,,,46.650342,21.26511,21,Kulcs Patika,pharmacy,"{'amenity': 'pharmacy', 'brand': 'Kulcs Patika', 'dispensing': 'yes', 'addr:country': 'HU', 'payment:cash': 'yes', 'payment:debit_cards': 'yes', 'air_conditioning': 'yes'}",https://www.kulcspatika.hu/,hukulcspha,(kulcs patika|kulcs),True,,,,,,,,2019-08-19T09:33:21Z,,,
1385,585,21,,3121,7800,Siklós,Baross Gábor utca,7,,POINT (45.850841550594 18.298678347221),Baross Gábor utca 7.,patikak/hollos-patika-p49,,,,,,,,,,,,,,,,,,,,,,,,,,,,,,,,,,,False,,"{not_in_water,street_is_around,street_metaphone_is_around}",{},,2019-08-19 09:27:19.435501+00:00,,,45.8508543898194,18.2986870087541,21,Kulcs Patika,pharmacy,"{'amenity': 'pharmacy', 'brand': 'Kulcs Patika', 'dispensing': 'yes', 'addr:country': 'HU', 'payment:cash': 'yes', 'payment:debit_cards': 'yes', 'air_conditioning': 'yes'}",https://www.kulcspatika.hu/,hukulcspha,(kulcs patika|kulcs),True,,,,5664505024,OSM_object_type.node,1,0,2018-06-04T18:26:12Z,"{'source': 'survey', 'amenity': 'pharmacy'}",,1.57741445
1386,586,21,,2305,5624,Doboz,Marx utca,2,,POINT (46.735147 21.242569),Marx utca 2.,patikak/kazay-endre-gyogyszertar-p54,,,,,,,,,,,,,,,,,,,,,,,,,,,,,,,,,,,False,,{not_in_water},"{street_is_not_around,street_metaphone_is_not_around}",,2019-08-19 09:27:19.435501+00:00,,,46.73538720593,21.2428628010117,21,Kulcs Patika,pharmacy,"{'amenity': 'pharmacy', 'brand': 'Kulcs Patika', 'dispensing': 'yes', 'addr:country': 'HU', 'payment:cash': 'yes', 'payment:debit_cards': 'yes', 'air_conditioning': 'yes'}",https://www.kulcspatika.hu/,hukulcspha,(kulcs patika|kulcs),True,,,,4185907002,OSM_object_type.node,3,0,2019-08-03T14:03:00Z,"{'addr:street': 'Nagy utca', 'contact:phone': '+36 66 268 762', 'contact:facebook': 'https://www.facebook.com/kazaypatikadoboz', 'opening_hours': 'Mo-Fr 08:00-17:00; PH closed', 'addr:housenumber': '2', 'addr:city': 'Doboz', 'contact:email': 'dobozipatika@t-online.hu', 'name': 'Kazay Endre gyógyszertár', 'amenity': 'pharmacy', 'addr:postcode': '5624'}",,34.85318123
1387,588,21,,3189,7900,Szigetvár,Szent István lakótelep,5,,POINT (46.05339911054 17.788975682556),Szent István Lakótelep 5.,patikak/boroka-patika-p20,,,,,,,,,,,,,,,,,,,,,,,,,,,,,,,,,,,False,,"{not_in_water,street_is_around,street_metaphone_is_around}",{},,2019-08-19 09:27:19.435501+00:00,,,46.05339911054,17.788975682556,21,Kulcs Patika,pharmacy,"{'amenity': 'pharmacy', 'brand': 'Kulcs Patika', 'dispensing': 'yes', 'addr:country': 'HU', 'payment:cash': 'yes', 'payment:debit_cards': 'yes', 'air_conditioning': 'yes'}",https://www.kulcspatika.hu/,hukulcspha,(kulcs patika|kulcs),True,,,,376735557,OSM_object_type.way,3,0,2017-01-02T16:50:42Z,"{'addr:street': 'Szent István lakótelep', 'addr:postcode': '7900', 'building': 'yes', 'addr:housenumber': '5', 'name': 'Boróka Patika', 'amenity': 'pharmacy', 'addr:city': 'Szigetvár'}","[3801268010, 3801268011, 3801268012, 3801268013, 3801268010]",0.0
1388,589,21,,4226,9400,Sopron,Deák tér,35,,POINT (47.680664631562 16.587772796295),Deák tér 35.,patikak/szebelledy-gyogyszertar-p98,,,,,,,,,,,,,,,,,,,,,,,,,,,,,,,,,,,False,,"{not_in_water,street_is_around,street_metaphone_is_around}",{},,2019-08-19 09:27:19.435501+00:00,,,47.6808012965728,16.587782398584,21,Kulcs Patika,pharmacy,"{'amenity': 'pharmacy', 'brand': 'Kulcs Patika', 'dispensing': 'yes', 'addr:country': 'HU', 'payment:cash': 'yes', 'payment:debit_cards': 'yes', 'air_conditioning': 'yes'}",https://www.kulcspatika.hu/,hukulcspha,(kulcs patika|kulcs),True,,,,2325161468,OSM_object_type.node,2,0,2014-09-05T16:17:21Z,"{'website': 'http://szebelledysopron.novodata.hu/', 'amenity': 'pharmacy', 'addr:street': 'Deák tér', 'addr:postcode': '9400', 'addr:city': 'Sopron', 'opening_hours': 'Mo-Fr 07:30-20:00;Sa 07:30-13:00', 'addr:housenumber': '35', 'phone': '+36 99 505469', 'fax': '+36 99 524891', 'email': 'szebelledy@mail.pharmanet.hu', 'name': 'Szebellédy'}",,15.21346985
1389,591,21,,2304,5623,Békéscsaba,Wenckheim Károly tér,11,,POINT (46.699671458577 21.184275980186),Weinckheim Károly tér 11.,patikak/kazay-endre-fiokgyogyszertar-p140,,,,,,,,,,,,,,,,,,,,,,,,,,,,,,,,,,,False,,"{not_in_water,street_is_around,street_metaphone_is_around}",{},,2019-08-19 09:27:19.435501+00:00,,,46.699671458577,21.184275980186,21,Kulcs Patika,pharmacy,"{'amenity': 'pharmacy', 'brand': 'Kulcs Patika', 'dispensing': 'yes', 'addr:country': 'HU', 'payment:cash': 'yes', 'payment:debit_cards': 'yes', 'air_conditioning': 'yes'}",https://www.kulcspatika.hu/,hukulcspha,(kulcs patika|kulcs),True,,,,,,,,2019-08-19T09:33:21Z,,,
1390,593,21,,0,5668,Mezőmegyer,Október 6. utca,1,,POINT (46.4667 20.9),Október 23 tér 1.,patikak/isteni-gondviseles-fiokgyogyszertara-mezomegyer-p139,,,,,,,,,,,,,,,,,,,,,,,,,,,,,,,,,,,False,,"{not_in_water,street_is_around,street_metaphone_is_around}",{},,2019-08-19 09:27:19.435501+00:00,,,46.4667,20.9,21,Kulcs Patika,pharmacy,"{'amenity': 'pharmacy', 'brand': 'Kulcs Patika', 'dispensing': 'yes', 'addr:country': 'HU', 'payment:cash': 'yes', 'payment:debit_cards': 'yes', 'air_conditioning': 'yes'}",https://www.kulcspatika.hu/,hukulcspha,(kulcs patika|kulcs),True,,,,,,,,2019-08-19T09:33:21Z,,,
1391,594,21,,3222,7940,Szentlőrinc,Pécsi út,10,,POINT (46.038541034382 17.992145348549),Pécsi utca 10.,patikak/harmonia-patika-p45,,,,,,,,,,,,,,,,,,,,,,,,,,,,,,,,,,,False,,"{not_in_water,street_is_around,street_metaphone_is_around}",{},,2019-08-19 09:27:19.435501+00:00,,,46.0386209122627,17.992304992838,21,Kulcs Patika,pharmacy,"{'amenity': 'pharmacy', 'brand': 'Kulcs Patika', 'dispensing': 'yes', 'addr:country': 'HU', 'payment:cash': 'yes', 'payment:debit_cards': 'yes', 'air_conditioning': 'yes'}",https://www.kulcspatika.hu/,hukulcspha,(kulcs patika|kulcs),True,,,,5218035278,OSM_object_type.node,1,0,2017-11-08T13:25:36Z,"{'healthcare': 'pharmacy', 'name': 'Harmónia', 'amenity': 'pharmacy'}",,15.19013722
1392,595,21,,3222,7940,Szentlőrinc,Kossuth Lajos utca,1,,POINT (46.042204886539 17.985536139881),Kossuth Lajos utca 1.,patikak/feher-kereszt-patika-p33,,,,,,,,,,,,,,,,,,,,,,,,,,,,,,,,,,,False,,"{not_in_water,street_is_around,street_metaphone_is_around}",{},,2019-08-19 09:27:19.435501+00:00,,,46.0421430660694,17.9853750294102,21,Kulcs Patika,pharmacy,"{'amenity': 'pharmacy', 'brand': 'Kulcs Patika', 'dispensing': 'yes', 'addr:country': 'HU', 'payment:cash': 'yes', 'payment:debit_cards': 'yes', 'air_conditioning': 'yes'}",https://www.kulcspatika.hu/,hukulcspha,(kulcs patika|kulcs),True,,,,5218035277,OSM_object_type.node,1,0,2017-11-08T13:25:36Z,"{'healthcare': 'pharmacy', 'name': 'Fehér Kereszt Patika', 'amenity': 'pharmacy'}",,14.20863967
1393,597,21,,2291,5600,Békéscsaba,Deák utca,5,,POINT (46.680124228275 21.102411364418),Deák utca 5.,patikak/isteni-gondviseles-gyogyszertara-p1,,,,,,,,,,,,,,,,,,,,,,,,,,,,,,,,,,,False,,"{not_in_water,street_is_around,street_metaphone_is_around}",{},,2019-08-19 09:27:19.435501+00:00,,,46.6801262091543,21.1025983254133,21,Kulcs Patika,pharmacy,"{'amenity': 'pharmacy', 'brand': 'Kulcs Patika', 'dispensing': 'yes', 'addr:country': 'HU', 'payment:cash': 'yes', 'payment:debit_cards': 'yes', 'air_conditioning': 'yes'}",https://www.kulcspatika.hu/,hukulcspha,(kulcs patika|kulcs),True,,,,5631184256,OSM_object_type.node,2,0,2018-08-21T17:02:02Z,"{'dispensing': 'yes', 'healthcare': 'pharmacy', 'amenity': 'pharmacy', 'name': 'Gyógyszertár'}",,14.26452372
1394,599,21,,2291,5600,Békéscsaba,Mednyánszky utca,2,,POINT (46.678175498277 21.092687834324),Mednyánszky utca 2.,patikak/kigyo-gyogyszertar-p55,,,,,,,,,,,,,,,,,,,,,,,,,,,,,,,,,,,False,,"{not_in_water,street_is_around,street_metaphone_is_around}",{},,2019-08-19 09:27:19.435501+00:00,,,46.678175498277,21.092687834324,21,Kulcs Patika,pharmacy,"{'amenity': 'pharmacy', 'brand': 'Kulcs Patika', 'dispensing': 'yes', 'addr:country': 'HU', 'payment:cash': 'yes', 'payment:debit_cards': 'yes', 'air_conditioning': 'yes'}",https://www.kulcspatika.hu/,hukulcspha,(kulcs patika|kulcs),True,,,,,,,,2019-08-19T09:33:21Z,,,
1395,601,21,,2277,5530,Vésztő,Kossuth Lajos utca,64,,POINT (46.926302476764 21.264256303076),Kossuth Lajos utca 64.,patikak/kristaly-patika-p65,,,,,,,,,,,,,,,,,,,,,,,,,,,,,,,,,,,False,,"{not_in_water,street_is_around,street_metaphone_is_around}",{},,2019-08-19 09:27:19.435501+00:00,,,46.926302476764,21.264256303076,21,Kulcs Patika,pharmacy,"{'amenity': 'pharmacy', 'brand': 'Kulcs Patika', 'dispensing': 'yes', 'addr:country': 'HU', 'payment:cash': 'yes', 'payment:debit_cards': 'yes', 'air_conditioning': 'yes'}",https://www.kulcspatika.hu/,hukulcspha,(kulcs patika|kulcs),True,,,,583432977,OSM_object_type.way,3,0,2018-04-25T08:58:57Z,"{'dispensing': 'yes', 'name': 'Gyógyszertár', 'healthcare': 'pharmacy', 'amenity': 'pharmacy', 'building': 'yes'}","[5577888072, 5577888073, 5577888074, 5577888075, 5577888076, 5577888077, 5577888078, 5577888079, 5577888072]",8.16521665
1396,602,21,,2614,6900,Makó,Széchenyi tér,8,,POINT (46.215271909319 20.474449246697),Széchenyi tér 8.,patikak/kigyo-gyogyszertar-p56,,,,,,,,,,,,,,,,,,,,,,,,,,,,,,,,,,,False,,"{not_in_water,street_is_around,street_metaphone_is_around}",{},,2019-08-19 09:27:19.435501+00:00,,,46.215271909319,20.474449246697,21,Kulcs Patika,pharmacy,"{'amenity': 'pharmacy', 'brand': 'Kulcs Patika', 'dispensing': 'yes', 'addr:country': 'HU', 'payment:cash': 'yes', 'payment:debit_cards': 'yes', 'air_conditioning': 'yes'}",https://www.kulcspatika.hu/,hukulcspha,(kulcs patika|kulcs),True,,,,,,,,2019-08-19T09:33:21Z,,,
1397,603,21,,2988,7634,Pécs,Pellérdi út,52,,POINT (46.065876 18.16902),Pellérdi út 52.,patikak/zsongorko-gyogyszertar-p116,,,,,,,,,,,,,,,,,,,,,,,,,,,,,,,,,,,False,,"{not_in_water,street_is_around,street_metaphone_is_around}",{},,2019-08-19 09:27:19.435501+00:00,,,46.065876,18.16902,21,Kulcs Patika,pharmacy,"{'amenity': 'pharmacy', 'brand': 'Kulcs Patika', 'dispensing': 'yes', 'addr:country': 'HU', 'payment:cash': 'yes', 'payment:debit_cards': 'yes', 'air_conditioning': 'yes'}",https://www.kulcspatika.hu/,hukulcspha,(kulcs patika|kulcs),True,,,,,,,,2019-08-19T09:33:21Z,,,
1398,605,21,,2324,5675,Telekgerendás,Dózsa György utca,13,,POINT (46.657012709991 20.951911561673),Dózsa György u. 13.,patikak/isteni-gondviseles-fiokgyogyszertara-telekgerendas-p138,,,,,,,,,,,,,,,,,,,,,,,,,,,,,,,,,,,False,,{not_in_water},"{street_is_not_around,street_metaphone_is_not_around}",,2019-08-19 09:27:19.435501+00:00,,,46.657012709991,20.951911561673,21,Kulcs Patika,pharmacy,"{'amenity': 'pharmacy', 'brand': 'Kulcs Patika', 'dispensing': 'yes', 'addr:country': 'HU', 'payment:cash': 'yes', 'payment:debit_cards': 'yes', 'air_conditioning': 'yes'}",https://www.kulcspatika.hu/,hukulcspha,(kulcs patika|kulcs),True,,,,,,,,2019-08-19T09:33:21Z,,,
1399,606,21,,2975,7621,Pécs,Rákóczi út,49,,POINT (46.073684028838 18.2317667),Rákóczi út 49.,patikak/belvarosi-gyogyszertar-p178,,,,,,,,,,,,,,,,,,,,,,,,,,,,,,,,,,,False,,"{not_in_water,street_is_around,street_metaphone_is_around}",{},,2019-08-19 09:27:19.435501+00:00,,,46.0736232041101,18.2312847960191,21,Kulcs Patika,pharmacy,"{'amenity': 'pharmacy', 'brand': 'Kulcs Patika', 'dispensing': 'yes', 'addr:country': 'HU', 'payment:cash': 'yes', 'payment:debit_cards': 'yes', 'air_conditioning': 'yes'}",https://www.kulcspatika.hu/,hukulcspha,(kulcs patika|kulcs),True,,,,2342204406,OSM_object_type.node,3,0,2018-09-06T18:33:56Z,"{'name': 'Belvárosi gyógyszertár', 'amenity': 'pharmacy'}",,37.78418841
1400,607,21,,2586,6772,Deszk,Felszabadulás utca,29,,POINT (46.217982 20.244144),Felszabadulás utca 29.,patikak/cedrus-patika-p22,,,,,,,,,,,,,,,,,,,,,,,,,,,,,,,,,,,False,,{not_in_water},"{street_is_not_around,street_metaphone_is_not_around}",,2019-08-19 09:27:19.435501+00:00,,,46.2178730127418,20.243939977995,21,Kulcs Patika,pharmacy,"{'amenity': 'pharmacy', 'brand': 'Kulcs Patika', 'dispensing': 'yes', 'addr:country': 'HU', 'payment:cash': 'yes', 'payment:debit_cards': 'yes', 'air_conditioning': 'yes'}",https://www.kulcspatika.hu/,hukulcspha,(kulcs patika|kulcs),True,,,,3487683307,OSM_object_type.node,1,0,2015-04-29T21:54:39Z,"{'source': 'turistautak.hu', 'source:date': '2012-10-15', 'url': 'http://turistautak.hu/poi.php?id=136025', 'amenity': 'pharmacy'}",,19.83084442
1401,609,21,,2557,6722,Szeged,Tisza Lajos körút,95,,POINT (46.248094420038 20.145320321426),Tisza Lajos körút 95.,patikak/kabay-patika-p53,,,,,,,,,,,,,,,,,,,,,,,,,,,,,,,,,,,False,,"{not_in_water,street_is_around,street_metaphone_is_around}",{},,2019-08-19 09:27:19.435501+00:00,,,46.2481049720256,20.1452401912667,21,Kulcs Patika,pharmacy,"{'amenity': 'pharmacy', 'brand': 'Kulcs Patika', 'dispensing': 'yes', 'addr:country': 'HU', 'payment:cash': 'yes', 'payment:debit_cards': 'yes', 'air_conditioning': 'yes'}",https://www.kulcspatika.hu/,hukulcspha,(kulcs patika|kulcs),True,,,,1240913256,OSM_object_type.node,12,0,2019-06-21T15:48:25Z,"{'addr:city': 'Szeged', 'healthcare': 'pharmacy', 'contact:phone': '+36 62 420763', 'opening_hours': 'Mo-Fr 07:00-21:00; Sa 08:00-15:00; PH off', 'addr:postcode': '6722', 'contact:website': 'http://www.kabaysz.paticard.hu', 'alt_name': 'Kabay-Med Patika', 'website': 'http://www.kabaypatika.hu/', 'dispensing': 'yes', 'addr:street': 'Tisza Lajos körút', 'amenity': 'pharmacy', 'addr:housenumber': '95', 'phone': '+3662420763', 'contact:email': 'info@kabaysz.paticard.hu', 'name': 'Kabay Patika', 'free_refill': 'yes', 'operator': 'Kabay-Med Bt.'}",,6.27237026
1402,611,21,,2557,6722,Szeged,Petőfi Sándor sugárút,41,,POINT (46.247344309733 20.138343796134),Petőfi Sándor Sugárút 41,patikak/arany-oroszlan-gyogyszertar-p162,,,,,,,,,,,,,,,,,,,,,,,,,,,,,,,,,,,False,,"{not_in_water,street_is_around,street_metaphone_is_around}",{},,2019-08-19 09:27:19.435501+00:00,,,46.2473703144517,20.138530225252,21,Kulcs Patika,pharmacy,"{'amenity': 'pharmacy', 'brand': 'Kulcs Patika', 'dispensing': 'yes', 'addr:country': 'HU', 'payment:cash': 'yes', 'payment:debit_cards': 'yes', 'air_conditioning': 'yes'}",https://www.kulcspatika.hu/,hukulcspha,(kulcs patika|kulcs),True,,,,4876287703,OSM_object_type.node,1,0,2017-05-25T15:21:22Z,"{'name:en': 'The Golden Lion', 'opening_hours': 'Mo-Fr 07:30-18:00; Sa 08:00-12:00', 'name:de': 'Zum Goldenen Löwen', 'name': 'Arany Oroszlán', 'amenity': 'pharmacy', 'payment:debit_cards': 'yes'}",,14.62447447
1403,612,21,,2845,7400,Kaposvár,Kisfaludy utca,21,,POINT (46.369126 17.787932),Kisfaludy utca 21.,patikak/orangyal-patika-p79,,,,,,,,,,,,,,,,,,,,,,,,,,,,,,,,,,,False,,"{not_in_water,street_is_around,street_metaphone_is_around}",{},,2019-08-19 09:27:19.435501+00:00,,,46.3691623861946,17.7880278277346,21,Kulcs Patika,pharmacy,"{'amenity': 'pharmacy', 'brand': 'Kulcs Patika', 'dispensing': 'yes', 'addr:country': 'HU', 'payment:cash': 'yes', 'payment:debit_cards': 'yes', 'air_conditioning': 'yes'}",https://www.kulcspatika.hu/,hukulcspha,(kulcs patika|kulcs),True,,,,4051364463,OSM_object_type.node,1,0,2016-03-09T17:00:16Z,"{'addr:street': 'Kisfaludy utca', 'addr:postcode': '7400', 'addr:housenumber': '21', 'name': 'Őrangyal Patika', 'amenity': 'pharmacy', 'addr:city': 'Kaposvár'}",,8.39215682
1404,614,21,,1839,4150,Püspökladány,Petőfi utca,5,,POINT (47.318279481784 21.115019917488),Petőfi utca 5.,patikak/remeny-gyogyszertar-p90,,,,,,,,,,,,,,,,,,,,,,,,,,,,,,,,,,,False,,{not_in_water},"{street_is_not_around,street_metaphone_is_not_around}",,2019-08-19 09:27:19.435501+00:00,,,47.318279481784,21.115019917488,21,Kulcs Patika,pharmacy,"{'amenity': 'pharmacy', 'brand': 'Kulcs Patika', 'dispensing': 'yes', 'addr:country': 'HU', 'payment:cash': 'yes', 'payment:debit_cards': 'yes', 'air_conditioning': 'yes'}",https://www.kulcspatika.hu/,hukulcspha,(kulcs patika|kulcs),True,,,,,,,,2019-08-19T09:33:21Z,,,
1405,616,21,,2569,6750,Algyő,Egészségház utca,42,,POINT (46.331532 20.205621),Egészségház utca 42.,patikak/gyevi-gyogyszertar-p40,,,,,,,,,,,,,,,,,,,,,,,,,,,,,,,,,,,False,,"{not_in_water,street_is_around,street_metaphone_is_around}",{},,2019-08-19 09:27:19.435501+00:00,,,46.3316946788068,20.2056120089251,21,Kulcs Patika,pharmacy,"{'amenity': 'pharmacy', 'brand': 'Kulcs Patika', 'dispensing': 'yes', 'addr:country': 'HU', 'payment:cash': 'yes', 'payment:debit_cards': 'yes', 'air_conditioning': 'yes'}",https://www.kulcspatika.hu/,hukulcspha,(kulcs patika|kulcs),True,,,,4597083753,OSM_object_type.node,3,0,2019-06-27T09:05:14Z,"{'healthcare': 'pharmacy', 'addr:street': 'Egészségház utca', 'addr:postcode': '6750', 'addr:housenumber': '42', 'name': 'Gyevi Patika', 'amenity': 'pharmacy', 'addr:city': 'Algyő'}",,18.10225018
1406,619,21,,2786,7300,Komló,Kossuth Lajos utca,101,,POINT (46.190594995072 18.264003233135),Kossuth Lajos utca 101/1,patikak/vital-plusz-gyogyszertar-p176,,,,,,,,,,,,,,,,,,,,,,,,,,,,,,,,,,,False,,"{not_in_water,street_is_around,street_metaphone_is_around}",{},,2019-08-19 09:27:19.435501+00:00,,,46.190594995072,18.264003233135,21,Kulcs Patika,pharmacy,"{'amenity': 'pharmacy', 'brand': 'Kulcs Patika', 'dispensing': 'yes', 'addr:country': 'HU', 'payment:cash': 'yes', 'payment:debit_cards': 'yes', 'air_conditioning': 'yes'}",https://www.kulcspatika.hu/,hukulcspha,(kulcs patika|kulcs),True,,,,234156509,OSM_object_type.way,3,0,2014-08-09T21:33:30Z,"{'wheelchair': 'no', 'amenity': 'pharmacy', 'building': 'yes'}","[2424559454, 2424559456, 2424559459, 2424559461, 2424559454]",30.06005994
1407,620,21,,2600,6791,Szeged,Negyvennyolcas utca,10,,POINT (46.275558283521 20.062189699355),Negyvennyolcas utca 10.,patikak/szent-istvan-gyogyszertar-p104,,,,,,,,,,,,,,,,,,,,,,,,,,,,,,,,,,,False,,"{not_in_water,street_is_around,street_metaphone_is_around}",{},,2019-08-19 09:27:19.435501+00:00,,,46.275558283521,20.062189699355,21,Kulcs Patika,pharmacy,"{'amenity': 'pharmacy', 'brand': 'Kulcs Patika', 'dispensing': 'yes', 'addr:country': 'HU', 'payment:cash': 'yes', 'payment:debit_cards': 'yes', 'air_conditioning': 'yes'}",https://www.kulcspatika.hu/,hukulcspha,(kulcs patika|kulcs),True,,,,433530804,OSM_object_type.way,5,0,2016-12-16T21:13:47Z,"{'addr:street': 'Negyvennyolcas utca', 'opening_hours': 'Mo-Fr 07:00-19:00; week 2-25/2 Sa 08:00-12:00', 'addr:postcode': '6791', 'building': 'yes', 'source': 'http://www.webbeteg.hu/keresok/patika/2405/', 'addr:housenumber': '10', 'phone': '+36 62 461 229', 'amenity': 'pharmacy', 'addr:city': 'Szeged'}","[4322141046, 4322141047, 4322248548, 4322307736, 4322307737, 4322141049, 4322141050, 4322141046]",28.43769529
1408,622,21,,2511,6521,Vaskút,Kossuth Lajos utca,93,,POINT (46.109037 18.988092),Kossuth Lajos utca 93.,patikak/szent-gyorgy-patika-p102,,,,,,,,,,,,,,,,,,,,,,,,,,,,,,,,,,,False,,"{not_in_water,street_is_around,street_metaphone_is_around}",{},,2019-08-19 09:27:19.435501+00:00,,,46.109037,18.988092,21,Kulcs Patika,pharmacy,"{'amenity': 'pharmacy', 'brand': 'Kulcs Patika', 'dispensing': 'yes', 'addr:country': 'HU', 'payment:cash': 'yes', 'payment:debit_cards': 'yes', 'air_conditioning': 'yes'}",https://www.kulcspatika.hu/,hukulcspha,(kulcs patika|kulcs),True,,,,,,,,2019-08-19T09:33:21Z,,,
1409,623,21,,2269,5510,Dévaványa,Hősök tere,3,,POINT (47.027362 20.96135),Hősök tere 3.,patikak/deva-patika-p26,,,,,,,,,,,,,,,,,,,,,,,,,,,,,,,,,,,False,,{not_in_water},"{street_is_not_around,street_metaphone_is_not_around}",,2019-08-19 09:27:19.435501+00:00,,,47.027362,20.96135,21,Kulcs Patika,pharmacy,"{'amenity': 'pharmacy', 'brand': 'Kulcs Patika', 'dispensing': 'yes', 'addr:country': 'HU', 'payment:cash': 'yes', 'payment:debit_cards': 'yes', 'air_conditioning': 'yes'}",https://www.kulcspatika.hu/,hukulcspha,(kulcs patika|kulcs),True,,,,,,,,2019-08-19T09:33:21Z,,,
1410,624,21,,2364,5931,Nagyszénás,Március 15. tér,6,,POINT (46.671022 20.670733),Március 15. tér 6.,patikak/korona-gyogyszertar-p59,,,,,,,,,,,,,,,,,,,,,,,,,,,,,,,,,,,False,,"{not_in_water,street_is_around,street_metaphone_is_around}",{},,2019-08-19 09:27:19.435501+00:00,,,46.671022,20.670733,21,Kulcs Patika,pharmacy,"{'amenity': 'pharmacy', 'brand': 'Kulcs Patika', 'dispensing': 'yes', 'addr:country': 'HU', 'payment:cash': 'yes', 'payment:debit_cards': 'yes', 'air_conditioning': 'yes'}",https://www.kulcspatika.hu/,hukulcspha,(kulcs patika|kulcs),True,,,,586388008,OSM_object_type.way,1,0,2018-05-07T17:46:19Z,"{'dispensing': 'yes', 'name': 'Gyógyszertár', 'healthcare': 'pharmacy', 'amenity': 'pharmacy', 'building': 'yes'}","[5602714236, 5602714237, 5602714238, 5602714239, 5602714236]",3.62500903
1411,625,21,,2600,6791,Szeged,Ág utca,1,,POINT (46.318 20.027),Ág utca 1.,patikak/pelikan-gyogyszertar-p191,,,,,,,,,,,,,,,,,,,,,,,,,,,,,,,,,,,False,,{not_in_water},"{street_is_not_around,street_metaphone_is_not_around}",,2019-08-19 09:27:19.435501+00:00,,,46.318,20.027,21,Kulcs Patika,pharmacy,"{'amenity': 'pharmacy', 'brand': 'Kulcs Patika', 'dispensing': 'yes', 'addr:country': 'HU', 'payment:cash': 'yes', 'payment:debit_cards': 'yes', 'air_conditioning': 'yes'}",https://www.kulcspatika.hu/,hukulcspha,(kulcs patika|kulcs),True,,,,,,,,2019-08-19T09:33:21Z,,,
1412,626,21,,2577,6762,Sándorfalva,Széchenyi utca,13,,POINT (46.361546967733 20.098366141319),Széchenyi utca 13.,patikak/fagyongy-patika-p32,,,,,,,,,,,,,,,,,,,,,,,,,,,,,,,,,,,False,,"{not_in_water,street_is_around,street_metaphone_is_around}",{},,2019-08-19 09:27:19.435501+00:00,,,46.361546967733,20.098366141319,21,Kulcs Patika,pharmacy,"{'amenity': 'pharmacy', 'brand': 'Kulcs Patika', 'dispensing': 'yes', 'addr:country': 'HU', 'payment:cash': 'yes', 'payment:debit_cards': 'yes', 'air_conditioning': 'yes'}",https://www.kulcspatika.hu/,hukulcspha,(kulcs patika|kulcs),True,,,,245817217,OSM_object_type.way,2,0,2013-11-13T10:28:34Z,"{'dispensing': 'yes', 'name': 'Fagyöngy Gyógyszertár', 'amenity': 'pharmacy', 'building': 'yes'}","[2529336355, 2529336353, 2529336354, 2529336356, 2529336355]",1.42015272
1413,627,21,,2286,5552,Kardos,Gyomai út,22,,POINT (46.794463483604 20.716844683456),Gyomai út 22.,patikak/kardosi-fiokgyogyszertar-p126,,,,,,,,,,,,,,,,,,,,,,,,,,,,,,,,,,,False,,"{not_in_water,street_is_around,street_metaphone_is_around}",{},,2019-08-19 09:27:19.435501+00:00,,,46.794463483604,20.716844683456,21,Kulcs Patika,pharmacy,"{'amenity': 'pharmacy', 'brand': 'Kulcs Patika', 'dispensing': 'yes', 'addr:country': 'HU', 'payment:cash': 'yes', 'payment:debit_cards': 'yes', 'air_conditioning': 'yes'}",https://www.kulcspatika.hu/,hukulcspha,(kulcs patika|kulcs),True,,,,,,,,2019-08-19T09:33:21Z,,,
1414,628,21,,2504,6500,Baja,Lőkert sor,1/I,,POINT (46.165537857637 18.955113588955),Lőkert sor 1/I.,patikak/forras-patika-p37,,,,,,,,,,,,,,,,,,,,,,,,,,,,,,,,,,,False,,"{not_in_water,street_is_around,street_metaphone_is_around}",{},,2019-08-19 09:27:19.435501+00:00,,,46.1655630711331,18.9552034864994,21,Kulcs Patika,pharmacy,"{'amenity': 'pharmacy', 'brand': 'Kulcs Patika', 'dispensing': 'yes', 'addr:country': 'HU', 'payment:cash': 'yes', 'payment:debit_cards': 'yes', 'air_conditioning': 'yes'}",https://www.kulcspatika.hu/,hukulcspha,(kulcs patika|kulcs),True,,,,2510447173,OSM_object_type.node,1,0,2013-10-27T15:24:51Z,"{'name': 'Forrás Patika', 'amenity': 'pharmacy'}",,7.4692551
1415,629,21,,2485,6422,Tompa,Kossuth utca,22,,POINT (46.20851 19.536371),Kossuth utca 22.,patikak/hovirag-gyogyszertar-p50,,,,,,,,,,,,,,,,,,,,,,,,,,,,,,,,,,,False,,"{not_in_water,street_is_around,street_metaphone_is_around}",{},,2019-08-19 09:27:19.435501+00:00,,,46.20851,19.536371,21,Kulcs Patika,pharmacy,"{'amenity': 'pharmacy', 'brand': 'Kulcs Patika', 'dispensing': 'yes', 'addr:country': 'HU', 'payment:cash': 'yes', 'payment:debit_cards': 'yes', 'air_conditioning': 'yes'}",https://www.kulcspatika.hu/,hukulcspha,(kulcs patika|kulcs),True,,,,,,,,2019-08-19T09:33:21Z,,,
1416,631,21,,2810,7349,Szászvár,Május 1. tér,3,,POINT (46.273698415925 18.377264542328),Május 1. tér 3.,patikak/szentharomsag-gyogyszertar-p110,,,,,,,,,,,,,,,,,,,,,,,,,,,,,,,,,,,False,,"{not_in_water,street_is_around,street_metaphone_is_around}",{},,2019-08-19 09:27:19.435501+00:00,,,46.273698415925,18.377264542328,21,Kulcs Patika,pharmacy,"{'amenity': 'pharmacy', 'brand': 'Kulcs Patika', 'dispensing': 'yes', 'addr:country': 'HU', 'payment:cash': 'yes', 'payment:debit_cards': 'yes', 'air_conditioning': 'yes'}",https://www.kulcspatika.hu/,hukulcspha,(kulcs patika|kulcs),True,,,,,,,,2019-08-19T09:33:21Z,,,
1417,632,21,,2598,6786,Ruzsa,Tömörkény tér,8-9,,POINT (46.288989452273 19.745244474869),Tömörkény tér 8-9.,patikak/hars-gyogyszertar-p46,,,,,,,,,,,,,,,,,,,,,,,,,,,,,,,,,,,False,,"{not_in_water,street_is_around,street_metaphone_is_around}",{},,2019-08-19 09:27:19.435501+00:00,,,46.2889991103983,19.7451578725045,21,Kulcs Patika,pharmacy,"{'amenity': 'pharmacy', 'brand': 'Kulcs Patika', 'dispensing': 'yes', 'addr:country': 'HU', 'payment:cash': 'yes', 'payment:debit_cards': 'yes', 'air_conditioning': 'yes'}",https://www.kulcspatika.hu/,hukulcspha,(kulcs patika|kulcs),True,,,,3628183931,OSM_object_type.node,1,0,2015-07-01T05:54:47Z,"{'addr:postcode': '6786', 'amenity': 'pharmacy', 'addr:city': 'Ruzsa'}",,6.74047001
1418,633,21,,1342,3450,Mezőcsát,Hősök tere,33,,POINT (47.821687874538 20.903302766383),Hősök tere 33.,patikak/primus-patika-p185,,,,,,,,,,,,,,,,,,,,,,,,,,,,,,,,,,,False,,"{not_in_water,street_is_around,street_metaphone_is_around}",{},,2019-08-19 09:27:19.435501+00:00,,,47.821687874538,20.903302766383,21,Kulcs Patika,pharmacy,"{'amenity': 'pharmacy', 'brand': 'Kulcs Patika', 'dispensing': 'yes', 'addr:country': 'HU', 'payment:cash': 'yes', 'payment:debit_cards': 'yes', 'air_conditioning': 'yes'}",https://www.kulcspatika.hu/,hukulcspha,(kulcs patika|kulcs),True,,,,,,,,2019-08-19T09:33:21Z,,,
1419,634,21,,2220,5300,Karcag,Kiss Antal utca,3,,POINT (47.316143005047 20.924649813492),Kiss Antal utca 3.,patikak/berek-patika-p18,,,,,,,,,,,,,,,,,,,,,,,,,,,,,,,,,,,False,,"{not_in_water,street_is_around,street_metaphone_is_around}",{},,2019-08-19 09:27:19.435501+00:00,,,47.316143005047,20.924649813492,21,Kulcs Patika,pharmacy,"{'amenity': 'pharmacy', 'brand': 'Kulcs Patika', 'dispensing': 'yes', 'addr:country': 'HU', 'payment:cash': 'yes', 'payment:debit_cards': 'yes', 'air_conditioning': 'yes'}",https://www.kulcspatika.hu/,hukulcspha,(kulcs patika|kulcs),True,,,,,,,,2019-08-19T09:33:21Z,,,
1420,635,21,,2285,5551,Csabacsűd,Szabadság utca,46,,POINT (46.82746450491 20.648433589935),Szabadság utca 46.,patikak/korall-fiokgyogyszertar-p127,,,,,,,,,,,,,,,,,,,,,,,,,,,,,,,,,,,False,,"{not_in_water,street_is_around,street_metaphone_is_around}",{},,2019-08-19 09:27:19.435501+00:00,,,46.8274689956861,20.648290013009,21,Kulcs Patika,pharmacy,"{'amenity': 'pharmacy', 'brand': 'Kulcs Patika', 'dispensing': 'yes', 'addr:country': 'HU', 'payment:cash': 'yes', 'payment:debit_cards': 'yes', 'air_conditioning': 'yes'}",https://www.kulcspatika.hu/,hukulcspha,(kulcs patika|kulcs),True,,,,4397939500,OSM_object_type.node,2,0,2016-09-12T18:54:29Z,"{'addr:street': 'Szabadság utca', 'addr:postcode': '5551', 'addr:housenumber': '46', 'name': 'Korall gyógyszertár', 'amenity': 'pharmacy', 'addr:city': 'Csabacsűd'}",,10.93465477
1421,636,21,,2220,5300,Karcag,Kisújszállási út,34,,POINT (47.308713021608 20.910308104324),Kisújszállási út 34.,patikak/kulcs-gyogyszertar-tesco-p171,,,,,,,,,,,,,,,,,,,,,,,,,,,,,,,,,,,False,,"{not_in_water,street_is_around,street_metaphone_is_around}",{},,2019-08-19 09:27:19.435501+00:00,,,47.308713021608,20.910308104324,21,Kulcs Patika,pharmacy,"{'amenity': 'pharmacy', 'brand': 'Kulcs Patika', 'dispensing': 'yes', 'addr:country': 'HU', 'payment:cash': 'yes', 'payment:debit_cards': 'yes', 'air_conditioning': 'yes'}",https://www.kulcspatika.hu/,hukulcspha,(kulcs patika|kulcs),True,,,,,,,,2019-08-19T09:33:21Z,,,
1422,637,21,,2484,6421,Kisszállás,Felszabadulás utca,40,,POINT (46.280835974357 19.489727071381),Felszabadulás utca 40.,patikak/aranykehely-hovirag-fiokgyogyszertara-p146,,,,,,,,,,,,,,,,,,,,,,,,,,,,,,,,,,,False,,{not_in_water},"{street_is_not_around,street_metaphone_is_not_around}",,2019-08-19 09:27:19.435501+00:00,,,46.280835974357,19.489727071381,21,Kulcs Patika,pharmacy,"{'amenity': 'pharmacy', 'brand': 'Kulcs Patika', 'dispensing': 'yes', 'addr:country': 'HU', 'payment:cash': 'yes', 'payment:debit_cards': 'yes', 'air_conditioning': 'yes'}",https://www.kulcspatika.hu/,hukulcspha,(kulcs patika|kulcs),True,,,,,,,,2019-08-19T09:33:21Z,,,
1423,638,21,,4150,9200,Mosonmagyaróvár,Honvéd utca,9,,POINT (47.876339432121 17.268787808529),Honvéd utca 9,patikak/belvarosi-patika-p17,,,,,,,,,,,,,,,,,,,,,,,,,,,,,,,,,,,False,,"{not_in_water,street_is_around,street_metaphone_is_around}",{},,2019-08-19 09:27:19.435501+00:00,,,47.876339432121,17.268787808529,21,Kulcs Patika,pharmacy,"{'amenity': 'pharmacy', 'brand': 'Kulcs Patika', 'dispensing': 'yes', 'addr:country': 'HU', 'payment:cash': 'yes', 'payment:debit_cards': 'yes', 'air_conditioning': 'yes'}",https://www.kulcspatika.hu/,hukulcspha,(kulcs patika|kulcs),True,,,,,,,,2019-08-19T09:33:21Z,,,
1424,639,21,,2470,6346,Sükösd,Dózsa György utca,162,,POINT (46.288777293058 18.992964364418),Dózsa György út 162,patikak/borostyan-gyogyszertar-p187,,,,,,,,,,,,,,,,,,,,,,,,,,,,,,,,,,,False,,"{not_in_water,street_is_around,street_metaphone_is_around}",{},,2019-08-19 09:27:19.435501+00:00,,,46.288777293058,18.992964364418,21,Kulcs Patika,pharmacy,"{'amenity': 'pharmacy', 'brand': 'Kulcs Patika', 'dispensing': 'yes', 'addr:country': 'HU', 'payment:cash': 'yes', 'payment:debit_cards': 'yes', 'air_conditioning': 'yes'}",https://www.kulcspatika.hu/,hukulcspha,(kulcs patika|kulcs),True,,,,,,,,2019-08-19T09:33:21Z,,,
1425,640,21,,2692,7100,Szekszárd,Kossuth Lajos utca,66,,POINT (46.357000559931 18.703305192261),Kossuth Lajos utca 66.,patikak/ujvarosi-gyogyszertar-p190,,,,,,,,,,,,,,,,,,,,,,,,,,,,,,,,,,,False,,"{not_in_water,street_is_around,street_metaphone_is_around}",{},,2019-08-19 09:27:19.435501+00:00,,,46.3570330125256,18.7034170311333,21,Kulcs Patika,pharmacy,"{'amenity': 'pharmacy', 'brand': 'Kulcs Patika', 'dispensing': 'yes', 'addr:country': 'HU', 'payment:cash': 'yes', 'payment:debit_cards': 'yes', 'air_conditioning': 'yes'}",https://www.kulcspatika.hu/,hukulcspha,(kulcs patika|kulcs),True,,,,3462189528,OSM_object_type.node,1,0,2015-04-17T20:53:06Z,"{'source': 'turistautak.hu', 'url': 'http://turistautak.hu/poi.php?id=127711', 'name': 'Újvárosi gyógyszertár', 'amenity': 'pharmacy', 'source:date': '2011-11-14'}",,9.31055819
1426,642,21,,2427,6120,Kiskunmajsa,Hősök tere,3,,POINT (46.491895433706 19.737307280302),Hősök tere 3.,patikak/balzsam-patika-p14,,,,,,,,,,,,,,,,,,,,,,,,,,,,,,,,,,,False,,"{not_in_water,street_is_around,street_metaphone_is_around}",{},,2019-08-19 09:27:19.435501+00:00,,,46.491895433706,19.737307280302,21,Kulcs Patika,pharmacy,"{'amenity': 'pharmacy', 'brand': 'Kulcs Patika', 'dispensing': 'yes', 'addr:country': 'HU', 'payment:cash': 'yes', 'payment:debit_cards': 'yes', 'air_conditioning': 'yes'}",https://www.kulcspatika.hu/,hukulcspha,(kulcs patika|kulcs),True,,,,,,,,2019-08-19T09:33:21Z,,,
1427,643,21,,2476,6400,Kiskunhalas,Eötvös utca,3,,POINT (46.431443 19.479856),Eötvös utca 3.,patikak/prima-patika-p88,,,,,,,,,,,,,,,,,,,,,,,,,,,,,,,,,,,False,,"{not_in_water,street_is_around,street_metaphone_is_around}",{},,2019-08-19 09:27:19.435501+00:00,,,46.4313323985099,19.4799195050848,21,Kulcs Patika,pharmacy,"{'amenity': 'pharmacy', 'brand': 'Kulcs Patika', 'dispensing': 'yes', 'addr:country': 'HU', 'payment:cash': 'yes', 'payment:debit_cards': 'yes', 'air_conditioning': 'yes'}",https://www.kulcspatika.hu/,hukulcspha,(kulcs patika|kulcs),True,,,,2337845625,OSM_object_type.node,2,0,2018-04-11T15:10:39Z,{'amenity': 'pharmacy'},,13.22633942
1428,644,21,,3601,8500,Pápa,Szentilonai József utca,6,,POINT (47.330035540733 17.46218919754),Szentilonay József utca 6. ,patikak/orangyal-piatsek-vagy-kis-teri-gyogyszertar-p78,,,,,,,,,,,,,,,,,,,,,,,,,,,,,,,,,,,False,,"{not_in_water,street_is_around,street_metaphone_is_around}",{},,2019-08-19 09:27:19.435501+00:00,,,47.330035540733,17.46218919754,21,Kulcs Patika,pharmacy,"{'amenity': 'pharmacy', 'brand': 'Kulcs Patika', 'dispensing': 'yes', 'addr:country': 'HU', 'payment:cash': 'yes', 'payment:debit_cards': 'yes', 'air_conditioning': 'yes'}",https://www.kulcspatika.hu/,hukulcspha,(kulcs patika|kulcs),True,,,,,,,,2019-08-19T09:33:21Z,,,
1429,645,21,,1319,3400,Mezőkövesd,Mátyás király út,75,,POINT (47.806871 20.565354),Mátyás király út 75.,patikak/forras-gyogyszertar-p36,,,,,,,,,,,,,,,,,,,,,,,,,,,,,,,,,,,False,,"{not_in_water,street_is_around,street_metaphone_is_around}",{},,2019-08-19 09:27:19.435501+00:00,,,47.806871,20.565354,21,Kulcs Patika,pharmacy,"{'amenity': 'pharmacy', 'brand': 'Kulcs Patika', 'dispensing': 'yes', 'addr:country': 'HU', 'payment:cash': 'yes', 'payment:debit_cards': 'yes', 'air_conditioning': 'yes'}",https://www.kulcspatika.hu/,hukulcspha,(kulcs patika|kulcs),True,,,,,,,,2019-08-19T09:33:21Z,,,
1430,646,21,,3510,8400,Ajka,Alkotmány utca,20,,POINT (47.105375862721 17.570617496967),Alkotmány utca 20.,patikak/gyorgy-gyogyszertar-p164,,,,,,,,,,,,,,,,,,,,,,,,,,,,,,,,,,,False,,"{not_in_water,street_is_around,street_metaphone_is_around}",{},,2019-08-19 09:27:19.435501+00:00,,,47.1054367086922,17.5704936849944,21,Kulcs Patika,pharmacy,"{'amenity': 'pharmacy', 'brand': 'Kulcs Patika', 'dispensing': 'yes', 'addr:country': 'HU', 'payment:cash': 'yes', 'payment:debit_cards': 'yes', 'air_conditioning': 'yes'}",https://www.kulcspatika.hu/,hukulcspha,(kulcs patika|kulcs),True,,,,3466274056,OSM_object_type.node,2,0,2019-06-07T05:34:41Z,"{'healthcare': 'pharmacy', 'source:date': '2011-05-26', 'source': 'turistautak.hu', 'dispensing': 'yes', 'url': 'http://turistautak.hu/poi.php?id=20007', 'name': 'György gyógyszertár', 'amenity': 'pharmacy'}",,11.55794789
1431,647,21,,1250,3300,Eger,Vallon utca,4,,POINT (47.919279 20.372364),Vallon utca 4.,patikak/platan-patika-p87,,,,,,,,,,,,,,,,,,,,,,,,,,,,,,,,,,,False,,"{not_in_water,street_is_around,street_metaphone_is_around}",{},,2019-08-19 09:27:19.435501+00:00,,,47.919279,20.372364,21,Kulcs Patika,pharmacy,"{'amenity': 'pharmacy', 'brand': 'Kulcs Patika', 'dispensing': 'yes', 'addr:country': 'HU', 'payment:cash': 'yes', 'payment:debit_cards': 'yes', 'air_conditioning': 'yes'}",https://www.kulcspatika.hu/,hukulcspha,(kulcs patika|kulcs),True,,,,,,,,2019-08-19T09:33:21Z,,,
1432,648,21,,2205,5200,Törökszentmiklós,Kossuth Lajos utca,125,,POINT (47.179869 20.412993),Kossuth Lajos utca 125.,patikak/fontana-gyogyszertar-p35,,,,,,,,,,,,,,,,,,,,,,,,,,,,,,,,,,,False,,"{not_in_water,street_is_around,street_metaphone_is_around}",{},,2019-08-19 09:27:19.435501+00:00,,,47.1798133775157,20.4128901758982,21,Kulcs Patika,pharmacy,"{'amenity': 'pharmacy', 'brand': 'Kulcs Patika', 'dispensing': 'yes', 'addr:country': 'HU', 'payment:cash': 'yes', 'payment:debit_cards': 'yes', 'air_conditioning': 'yes'}",https://www.kulcspatika.hu/,hukulcspha,(kulcs patika|kulcs),True,,,,1907522719,OSM_object_type.node,4,0,2019-06-20T09:01:29Z,"{'name': 'Fontana', 'amenity': 'pharmacy'}",,9.93215494
1433,649,21,,2448,6300,Kalocsa,Széchenyi utca,8,,POINT (46.52535971381 18.985364346067),Széchenyi út 8.,patikak/arany-kigyo-gyogyszertar-p5,,,,,,,,,,,,,,,,,,,,,,,,,,,,,,,,,,,False,,"{not_in_water,street_is_around,street_metaphone_is_around}",{},,2019-08-19 09:27:19.435501+00:00,,,46.52535971381,18.985364346067,21,Kulcs Patika,pharmacy,"{'amenity': 'pharmacy', 'brand': 'Kulcs Patika', 'dispensing': 'yes', 'addr:country': 'HU', 'payment:cash': 'yes', 'payment:debit_cards': 'yes', 'air_conditioning': 'yes'}",https://www.kulcspatika.hu/,hukulcspha,(kulcs patika|kulcs),True,,,,,,,,2019-08-19T09:33:21Z,,,
1434,650,21,,4053,9021,Győr,Jedlik Ányos utca,16,,POINT (47.68937 17.632839),Jedlik Ányos utca 16.,patikak/aranyhajo-patika-p7,,,,,,,,,,,,,,,,,,,,,,,,,,,,,,,,,,,False,,"{not_in_water,street_is_around,street_metaphone_is_around}",{},,2019-08-19 09:27:19.435501+00:00,,,47.68937,17.632839,21,Kulcs Patika,pharmacy,"{'amenity': 'pharmacy', 'brand': 'Kulcs Patika', 'dispensing': 'yes', 'addr:country': 'HU', 'payment:cash': 'yes', 'payment:debit_cards': 'yes', 'air_conditioning': 'yes'}",https://www.kulcspatika.hu/,hukulcspha,(kulcs patika|kulcs),True,,,,,,,,2019-08-19T09:33:21Z,,,
1435,652,21,,2448,6300,Kalocsa,Kossuth Lajos utca,23,,POINT (46.532119 18.98099),Kossuth Lajos utca 23.,patikak/fonix-gyogyszertar-p38,,,,,,,,,,,,,,,,,,,,,,,,,,,,,,,,,,,False,,"{not_in_water,street_is_around,street_metaphone_is_around}",{},,2019-08-19 09:27:19.435501+00:00,,,46.532124480468,18.9811693796184,21,Kulcs Patika,pharmacy,"{'amenity': 'pharmacy', 'brand': 'Kulcs Patika', 'dispensing': 'yes', 'addr:country': 'HU', 'payment:cash': 'yes', 'payment:debit_cards': 'yes', 'air_conditioning': 'yes'}",https://www.kulcspatika.hu/,hukulcspha,(kulcs patika|kulcs),True,,,,872665166,OSM_object_type.node,3,0,2013-12-11T16:05:28Z,"{'addr:street': 'Kossuth Lajos utca', 'addr:postcode': '6300', 'addr:housenumber': '23', 'name': 'Főnix Gyógyszertár', 'amenity': 'pharmacy', 'addr:city': 'Kalocsa'}",,13.73542228
1436,653,21,,3549,8444,Szentgál,Fő utca,5,,POINT (47.116096893771 17.730792313814),Fő utca 5.,patikak/szentgali-patika-p155,,,,,,,,,,,,,,,,,,,,,,,,,,,,,,,,,,,False,,"{not_in_water,street_is_around,street_metaphone_is_around}",{},,2019-08-19 09:27:19.435501+00:00,,,47.116096893771,17.730792313814,21,Kulcs Patika,pharmacy,"{'amenity': 'pharmacy', 'brand': 'Kulcs Patika', 'dispensing': 'yes', 'addr:country': 'HU', 'payment:cash': 'yes', 'payment:debit_cards': 'yes', 'air_conditioning': 'yes'}",https://www.kulcspatika.hu/,hukulcspha,(kulcs patika|kulcs),True,,,,,,,,2019-08-19T09:33:21Z,,,
1437,655,21,,2417,6100,Kiskunfélegyháza,Attila utca,1,,POINT (46.710339209653 19.843642067459),Attila utca 1.,patikak/korpatika-felegyhaza-p62,,,,,,,,,,,,,,,,,,,,,,,,,,,,,,,,,,,False,,"{not_in_water,street_is_around,street_metaphone_is_around}",{},,2019-08-19 09:27:19.435501+00:00,,,46.7101318182114,19.8437410579089,21,Kulcs Patika,pharmacy,"{'amenity': 'pharmacy', 'brand': 'Kulcs Patika', 'dispensing': 'yes', 'addr:country': 'HU', 'payment:cash': 'yes', 'payment:debit_cards': 'yes', 'air_conditioning': 'yes'}",https://www.kulcspatika.hu/,hukulcspha,(kulcs patika|kulcs),True,,,,2213003702,OSM_object_type.node,1,0,2013-03-21T14:10:23Z,{'amenity': 'pharmacy'},,24.2646015
1438,656,21,,2417,6100,Kiskunfélegyháza,Fadrusz János utca,4,,POINT (46.711576928294 19.838165044785),Fadrusz János utca 4.,patikak/korhazi-patika-p58,,,,,,,,,,,,,,,,,,,,,,,,,,,,,,,,,,,False,,"{not_in_water,street_is_around,street_metaphone_is_around}",{},,2019-08-19 09:27:19.435501+00:00,,,46.711576928294,19.838165044785,21,Kulcs Patika,pharmacy,"{'amenity': 'pharmacy', 'brand': 'Kulcs Patika', 'dispensing': 'yes', 'addr:country': 'HU', 'payment:cash': 'yes', 'payment:debit_cards': 'yes', 'air_conditioning': 'yes'}",https://www.kulcspatika.hu/,hukulcspha,(kulcs patika|kulcs),True,,,,,,,,2019-08-19T09:33:21Z,,,
1439,657,21,,2417,6100,Kiskunfélegyháza,Darvas tér,2,,POINT (46.721795862778 19.849913519014),Darvas József tér 2.,patikak/petofi-patika-p85,,,,,,,,,,,,,,,,,,,,,,,,,,,,,,,,,,,False,,"{not_in_water,street_is_around,street_metaphone_is_around}",{},,2019-08-19 09:27:19.435501+00:00,,,46.721795862778,19.849913519014,21,Kulcs Patika,pharmacy,"{'amenity': 'pharmacy', 'brand': 'Kulcs Patika', 'dispensing': 'yes', 'addr:country': 'HU', 'payment:cash': 'yes', 'payment:debit_cards': 'yes', 'air_conditioning': 'yes'}",https://www.kulcspatika.hu/,hukulcspha,(kulcs patika|kulcs),True,,,,,,,,2019-08-19T09:33:21Z,,,
1440,658,21,,3371,8200,Veszprém,Egyetem utca,7,,POINT (47.087700624736 17.907945513725),Egyetem utca 7.,patikak/egyetem-gyogyszertar-p148,,,,,,,,,,,,,,,,,,,,,,,,,,,,,,,,,,,False,,"{not_in_water,street_is_around,street_metaphone_is_around}",{},,2019-08-19 09:27:19.435501+00:00,,,47.0876664729661,17.9078677578757,21,Kulcs Patika,pharmacy,"{'amenity': 'pharmacy', 'brand': 'Kulcs Patika', 'dispensing': 'yes', 'addr:country': 'HU', 'payment:cash': 'yes', 'payment:debit_cards': 'yes', 'air_conditioning': 'yes'}",https://www.kulcspatika.hu/,hukulcspha,(kulcs patika|kulcs),True,,,,2231916014,OSM_object_type.node,3,0,2015-11-22T17:04:07Z,"{'wheelchair': 'yes', 'dispensing': 'no', 'name': 'Egyetem gyógyszertár', 'amenity': 'pharmacy'}",,7.00549086
1441,659,21,,2152,5000,Szolnok,Kossuth tér,7-8,,POINT (47.175176 20.196191),Kossuth tér 7-8.,patikak/kossuth-gyogyszertar-p61,,,,,,,,,,,,,,,,,,,,,,,,,,,,,,,,,,,False,,"{not_in_water,street_is_around,street_metaphone_is_around}",{},,2019-08-19 09:27:19.435501+00:00,,,47.175176,20.196191,21,Kulcs Patika,pharmacy,"{'amenity': 'pharmacy', 'brand': 'Kulcs Patika', 'dispensing': 'yes', 'addr:country': 'HU', 'payment:cash': 'yes', 'payment:debit_cards': 'yes', 'air_conditioning': 'yes'}",https://www.kulcspatika.hu/,hukulcspha,(kulcs patika|kulcs),True,,,,,,,,2019-08-19T09:33:21Z,,,
1442,660,21,,3379,8220,Balatonalmádi,Baross Gábor út,25,,POINT (47.03049 18.011578),Baross Gábor utca 25.,patikak/dr-gyorgy-gyogyszertar-p28,,,,,,,,,,,,,,,,,,,,,,,,,,,,,,,,,,,False,,"{not_in_water,street_is_around,street_metaphone_is_around}",{},,2019-08-19 09:27:19.435501+00:00,,,47.0305345921463,18.0116606329388,21,Kulcs Patika,pharmacy,"{'amenity': 'pharmacy', 'brand': 'Kulcs Patika', 'dispensing': 'yes', 'addr:country': 'HU', 'payment:cash': 'yes', 'payment:debit_cards': 'yes', 'air_conditioning': 'yes'}",https://www.kulcspatika.hu/,hukulcspha,(kulcs patika|kulcs),True,,,,2418353910,OSM_object_type.node,4,0,2015-11-30T21:57:40Z,"{'wheelchair': 'yes', 'name': 'György Patika', 'amenity': 'pharmacy'}",,7.98809373
1443,661,21,,3364,8184,Balatonfűzfő,Bugyogóforrás utca,20,,POINT (47.078057112909 18.027448654175),Bugyogóforrás utca 20.,patikak/balaton-gyogyszertar-p13,,,,,,,,,,,,,,,,,,,,,,,,,,,,,,,,,,,False,,"{not_in_water,street_is_around,street_metaphone_is_around}",{},,2019-08-19 09:27:19.435501+00:00,,,47.078057112909,18.027448654175,21,Kulcs Patika,pharmacy,"{'amenity': 'pharmacy', 'brand': 'Kulcs Patika', 'dispensing': 'yes', 'addr:country': 'HU', 'payment:cash': 'yes', 'payment:debit_cards': 'yes', 'air_conditioning': 'yes'}",https://www.kulcspatika.hu/,hukulcspha,(kulcs patika|kulcs),True,,,,,,,,2019-08-19T09:33:21Z,,,
1444,662,21,,2370,6000,Kecskemét,Irányi István utca,5,,POINT (46.895994 19.721676),Irányi István utca 5.,patikak/mukerti-patika-p75,,,,,,,,,,,,,,,,,,,,,,,,,,,,,,,,,,,False,,"{not_in_water,street_is_around,street_metaphone_is_around}",{},,2019-08-19 09:27:19.435501+00:00,,,46.895994,19.721676,21,Kulcs Patika,pharmacy,"{'amenity': 'pharmacy', 'brand': 'Kulcs Patika', 'dispensing': 'yes', 'addr:country': 'HU', 'payment:cash': 'yes', 'payment:debit_cards': 'yes', 'air_conditioning': 'yes'}",https://www.kulcspatika.hu/,hukulcspha,(kulcs patika|kulcs),True,,,,,,,,2019-08-19T09:33:21Z,,,
1445,663,21,,2370,6000,Kecskemét,Czollner tér,5,,POINT (46.902834 19.69597),Czollner tér 5.,patikak/muemlek-patika-p74,,,,,,,,,,,,,,,,,,,,,,,,,,,,,,,,,,,False,,"{not_in_water,street_is_around,street_metaphone_is_around}",{},,2019-08-19 09:27:19.435501+00:00,,,46.9028169097275,19.6961220750795,21,Kulcs Patika,pharmacy,"{'amenity': 'pharmacy', 'brand': 'Kulcs Patika', 'dispensing': 'yes', 'addr:country': 'HU', 'payment:cash': 'yes', 'payment:debit_cards': 'yes', 'air_conditioning': 'yes'}",https://www.kulcspatika.hu/,hukulcspha,(kulcs patika|kulcs),True,,,,4263364260,OSM_object_type.node,2,0,2018-02-17T20:51:48Z,"{'website': 'http://www.muemlekpatika.hu/', 'addr:country': 'HU', 'addr:street': 'Czollner tér', 'addr:postcode': '6000', 'opening_hours': 'Mo-Fr 08:00-18:00; PH closed', 'addr:housenumber': '5', 'phone': '+36 76 325 155', 'name': 'Műemlék Patika', 'amenity': 'pharmacy', 'addr:city': 'Kecskemét'}",,11.7087953
1446,664,21,,2370,6000,Kecskemét,Vágó utca,2,,POINT (46.903908 19.684563),Vágó utca 2.,patikak/szalaghazi-irisz-gyogyszertar-p97,,,,,,,,,,,,,,,,,,,,,,,,,,,,,,,,,,,False,,"{not_in_water,street_is_around,street_metaphone_is_around}",{},,2019-08-19 09:27:19.435501+00:00,,,46.9037959755659,19.6843849570717,21,Kulcs Patika,pharmacy,"{'amenity': 'pharmacy', 'brand': 'Kulcs Patika', 'dispensing': 'yes', 'addr:country': 'HU', 'payment:cash': 'yes', 'payment:debit_cards': 'yes', 'air_conditioning': 'yes'}",https://www.kulcspatika.hu/,hukulcspha,(kulcs patika|kulcs),True,,,,3439444544,OSM_object_type.node,1,0,2015-04-05T16:03:41Z,"{'source': 'turistautak.hu', 'url': 'http://turistautak.hu/poi.php?id=61217', 'name': 'Írisz gyógyszertár', 'amenity': 'pharmacy', 'source:date': '2011-06-24'}",,18.38810677
1447,665,21,,2370,6000,Kecskemét,Jókai utca,27,,POINT (46.913781 19.689548),Jókai utca 27.,patikak/szent-istvan-kiraly-gyogyszertar-p105,,,,,,,,,,,,,,,,,,,,,,,,,,,,,,,,,,,False,,"{not_in_water,street_is_around,street_metaphone_is_around}",{},,2019-08-19 09:27:19.435501+00:00,,,46.9141139917418,19.6892980230236,21,Kulcs Patika,pharmacy,"{'amenity': 'pharmacy', 'brand': 'Kulcs Patika', 'dispensing': 'yes', 'addr:country': 'HU', 'payment:cash': 'yes', 'payment:debit_cards': 'yes', 'air_conditioning': 'yes'}",https://www.kulcspatika.hu/,hukulcspha,(kulcs patika|kulcs),True,,,,3439444176,OSM_object_type.node,1,0,2015-04-05T16:03:06Z,"{'source': 'turistautak.hu', 'url': 'http://turistautak.hu/poi.php?id=59974', 'name': 'Szent István gyógyszertár', 'amenity': 'pharmacy', 'source:date': '2011-06-24'}",,41.61161294
1448,666,21,,2165,5052,Újszász,Damjanich út,14,,POINT (47.29486 20.074068),Damjanich út 14.,patikak/szent-istvan-kiraly-gyogyszertar-p106,,,,,,,,,,,,,,,,,,,,,,,,,,,,,,,,,,,False,,"{not_in_water,street_is_around,street_metaphone_is_around}",{},,2019-08-19 09:27:19.435501+00:00,,,47.2947030065384,20.0739969620399,21,Kulcs Patika,pharmacy,"{'amenity': 'pharmacy', 'brand': 'Kulcs Patika', 'dispensing': 'yes', 'addr:country': 'HU', 'payment:cash': 'yes', 'payment:debit_cards': 'yes', 'air_conditioning': 'yes'}",https://www.kulcspatika.hu/,hukulcspha,(kulcs patika|kulcs),True,,,,2985533610,OSM_object_type.node,1,0,2014-07-29T05:40:59Z,{'amenity': 'pharmacy'},,18.26046785
1449,667,21,,2370,6000,Kecskemét,Nyíri út,38/A,,POINT (46.910538 19.674458),Nyíri út 38/A,patikak/korona-patika-p60,,,,,,,,,,,,,,,,,,,,,,,,,,,,,,,,,,,False,,"{not_in_water,street_is_around,street_metaphone_is_around}",{},,2019-08-19 09:27:19.435501+00:00,,,46.910538,19.674458,21,Kulcs Patika,pharmacy,"{'amenity': 'pharmacy', 'brand': 'Kulcs Patika', 'dispensing': 'yes', 'addr:country': 'HU', 'payment:cash': 'yes', 'payment:debit_cards': 'yes', 'air_conditioning': 'yes'}",https://www.kulcspatika.hu/,hukulcspha,(kulcs patika|kulcs),True,,,,,,,,2019-08-19T09:33:21Z,,,
1450,668,21,,2370,6000,Kecskemét,Rózsavölgyi tér,27,,POINT (46.927024 19.689248),Rózsavölgyi tér 27.,patikak/korpatika-kecskemet-p63,,,,,,,,,,,,,,,,,,,,,,,,,,,,,,,,,,,False,,"{not_in_water,street_is_around,street_metaphone_is_around}",{},,2019-08-19 09:27:19.435501+00:00,,,46.9269721857544,19.6891009326503,21,Kulcs Patika,pharmacy,"{'amenity': 'pharmacy', 'brand': 'Kulcs Patika', 'dispensing': 'yes', 'addr:country': 'HU', 'payment:cash': 'yes', 'payment:debit_cards': 'yes', 'air_conditioning': 'yes'}",https://www.kulcspatika.hu/,hukulcspha,(kulcs patika|kulcs),True,,,,3487784315,OSM_object_type.node,1,0,2015-04-29T23:29:59Z,"{'name': 'Körpatika', 'amenity': 'pharmacy'}",,12.56663665
1451,669,21,,1001,2747,Törtel,Szent István út,7/A,,POINT (47.118924 19.92966),Szent István út 7/A,patikak/szent-margit-gyogyszertar-p108,,,,,,,,,,,,,,,,,,,,,,,,,,,,,,,,,,,False,,"{not_in_water,street_is_around,street_metaphone_is_around}",{},,2019-08-19 09:27:19.435501+00:00,,,47.1188669950902,19.9297170171215,21,Kulcs Patika,pharmacy,"{'amenity': 'pharmacy', 'brand': 'Kulcs Patika', 'dispensing': 'yes', 'addr:country': 'HU', 'payment:cash': 'yes', 'payment:debit_cards': 'yes', 'air_conditioning': 'yes'}",https://www.kulcspatika.hu/,hukulcspha,(kulcs patika|kulcs),True,,,,3454580720,OSM_object_type.node,1,0,2015-04-13T20:06:32Z,"{'source': 'turistautak.hu', 'source:date': '2008-06-11', 'url': 'http://turistautak.hu/poi.php?id=30088', 'amenity': 'pharmacy', 'fixme': 'resurvey (source was old)'}",,7.66755963
1452,670,21,,2451,6320,Solt,Béke tér,6,,POINT (46.800477768414 19.000821863754),Béke tér 6.,patikak/beke-patika-p15,,,,,,,,,,,,,,,,,,,,,,,,,,,,,,,,,,,False,,"{not_in_water,street_is_around,street_metaphone_is_around}",{},,2019-08-19 09:27:19.435501+00:00,,,46.800477768414,19.000821863754,21,Kulcs Patika,pharmacy,"{'amenity': 'pharmacy', 'brand': 'Kulcs Patika', 'dispensing': 'yes', 'addr:country': 'HU', 'payment:cash': 'yes', 'payment:debit_cards': 'yes', 'air_conditioning': 'yes'}",https://www.kulcspatika.hu/,hukulcspha,(kulcs patika|kulcs),True,,,,,,,,2019-08-19T09:33:21Z,,,
1453,671,21,,1002,2750,Nagykőrös,Ceglédi út,7/A,,POINT (47.037122236854 19.784978181124),Ceglédi út 7/A,patikak/korisfa-gyogyszertar-p150,,,,,,,,,,,,,,,,,,,,,,,,,,,,,,,,,,,False,,"{not_in_water,street_is_around,street_metaphone_is_around}",{},,2019-08-19 09:27:19.435501+00:00,,,47.0373705988598,19.7848256788207,21,Kulcs Patika,pharmacy,"{'amenity': 'pharmacy', 'brand': 'Kulcs Patika', 'dispensing': 'yes', 'addr:country': 'HU', 'payment:cash': 'yes', 'payment:debit_cards': 'yes', 'air_conditioning': 'yes'}",https://www.kulcspatika.hu/,hukulcspha,(kulcs patika|kulcs),True,,,,4357472025,OSM_object_type.node,1,0,2016-08-19T14:23:20Z,"{'name:hu': 'kulcs Patika', 'name': 'kulcs Patika', 'amenity': 'pharmacy'}",,29.93728397
1454,672,21,,3319,8100,Várpalota,Szabadság tér,4,,POINT (47.199984528304 18.139924407005),Szabadság tér 4.,patikak/szent-gyorgy-patika-p101,,,,,,,,,,,,,,,,,,,,,,,,,,,,,,,,,,,False,,"{not_in_water,street_is_around,street_metaphone_is_around}",{},,2019-08-19 09:27:19.435501+00:00,,,47.199984528304,18.139924407005,21,Kulcs Patika,pharmacy,"{'amenity': 'pharmacy', 'brand': 'Kulcs Patika', 'dispensing': 'yes', 'addr:country': 'HU', 'payment:cash': 'yes', 'payment:debit_cards': 'yes', 'air_conditioning': 'yes'}",https://www.kulcspatika.hu/,hukulcspha,(kulcs patika|kulcs),True,,,,,,,,2019-08-19T09:33:21Z,,,
1455,673,21,,3319,8100,Várpalota,Szent István útja,2,,POINT (47.201100283496 18.14099997282),Szent István utca 2.,patikak/belvarosi-gyogyszertar-p177,,,,,,,,,,,,,,,,,,,,,,,,,,,,,,,,,,,False,,"{not_in_water,street_is_around,street_metaphone_is_around}",{},,2019-08-19 09:27:19.435501+00:00,,,47.2009996128232,18.1409087987135,21,Kulcs Patika,pharmacy,"{'amenity': 'pharmacy', 'brand': 'Kulcs Patika', 'dispensing': 'yes', 'addr:country': 'HU', 'payment:cash': 'yes', 'payment:debit_cards': 'yes', 'air_conditioning': 'yes'}",https://www.kulcspatika.hu/,hukulcspha,(kulcs patika|kulcs),True,,,,5300650702,OSM_object_type.node,1,0,2017-12-23T12:26:33Z,{'amenity': 'pharmacy'},,13.14357805
1456,674,21,,2191,5123,Jászárokszállás,Rákóczi Ferenc utca,9,,POINT (47.642467 19.98151),Rákóczi Ferenc utca 9.,patikak/szent-margit-gyogyszertar-p109,,,,,,,,,,,,,,,,,,,,,,,,,,,,,,,,,,,False,,"{not_in_water,street_is_around,street_metaphone_is_around}",{},,2019-08-19 09:27:19.435501+00:00,,,47.642467,19.98151,21,Kulcs Patika,pharmacy,"{'amenity': 'pharmacy', 'brand': 'Kulcs Patika', 'dispensing': 'yes', 'addr:country': 'HU', 'payment:cash': 'yes', 'payment:debit_cards': 'yes', 'air_conditioning': 'yes'}",https://www.kulcspatika.hu/,hukulcspha,(kulcs patika|kulcs),True,,,,,,,,2019-08-19T09:33:21Z,,,
1457,675,21,,1071,2921,Komárom,Széchenyi utca,81,,POINT (47.736076391387 18.156644513878),Széchenyi utca 81.,patikak/vasarter-patika-p113,,,,,,,,,,,,,,,,,,,,,,,,,,,,,,,,,,,False,,"{not_in_water,street_is_around,street_metaphone_is_around}",{},,2019-08-19 09:27:19.435501+00:00,,,47.736076391387,18.156644513878,21,Kulcs Patika,pharmacy,"{'amenity': 'pharmacy', 'brand': 'Kulcs Patika', 'dispensing': 'yes', 'addr:country': 'HU', 'payment:cash': 'yes', 'payment:debit_cards': 'yes', 'air_conditioning': 'yes'}",https://www.kulcspatika.hu/,hukulcspha,(kulcs patika|kulcs),True,,,,,,,,2019-08-19T09:33:21Z,,,
1458,676,21,,2388,6041,Kerekegyháza,Szent István tér,15,,POINT (46.937164667558 19.478809386492),Szent István tér 15.,patikak/szent-istvan-gyogyszertar-p103,,,,,,,,,,,,,,,,,,,,,,,,,,,,,,,,,,,False,,"{not_in_water,street_is_around,street_metaphone_is_around}",{},,2019-08-19 09:27:19.435501+00:00,,,46.937164667558,19.478809386492,21,Kulcs Patika,pharmacy,"{'amenity': 'pharmacy', 'brand': 'Kulcs Patika', 'dispensing': 'yes', 'addr:country': 'HU', 'payment:cash': 'yes', 'payment:debit_cards': 'yes', 'air_conditioning': 'yes'}",https://www.kulcspatika.hu/,hukulcspha,(kulcs patika|kulcs),True,,,,578174411,OSM_object_type.way,1,0,2018-04-09T16:37:32Z,"{'dispensing': 'yes', 'amenity': 'pharmacy', 'building': 'yes'}","[5540704061, 5540704058, 5540704059, 5540704060, 5540704061]",0.0
1459,677,21,,1120,3060,Pásztó,Semmelweis utca,9,,POINT (47.919047092816 19.692880364418),Semmelweis utca 9.,patikak/gyogyir-patika-p43,,,,,,,,,,,,,,,,,,,,,,,,,,,,,,,,,,,False,,"{not_in_water,street_is_around,street_metaphone_is_around}",{},,2019-08-19 09:27:19.435501+00:00,,,47.9189739657306,19.6929029622588,21,Kulcs Patika,pharmacy,"{'amenity': 'pharmacy', 'brand': 'Kulcs Patika', 'dispensing': 'yes', 'addr:country': 'HU', 'payment:cash': 'yes', 'payment:debit_cards': 'yes', 'air_conditioning': 'yes'}",https://www.kulcspatika.hu/,hukulcspha,(kulcs patika|kulcs),True,,,,3446873489,OSM_object_type.node,1,0,2015-04-09T15:25:17Z,"{'source': 'turistautak.hu', 'url': 'http://turistautak.hu/poi.php?id=100688', 'name': 'Gyógyír patika', 'amenity': 'pharmacy', 'source:date': '2011-08-21'}",,8.30392053
1460,678,21,,823,2422,Mezőfalva,Semmelweis Ignác utca,5,,POINT (46.931941631832 18.780484171164),Semmelweis I utca 5,patikak/nador-gogyszertar-p179,,,,,,,,,,,,,,,,,,,,,,,,,,,,,,,,,,,False,,"{not_in_water,street_is_around,street_metaphone_is_around}",{},,2019-08-19 09:27:19.435501+00:00,,,46.931941631832,18.780484171164,21,Kulcs Patika,pharmacy,"{'amenity': 'pharmacy', 'brand': 'Kulcs Patika', 'dispensing': 'yes', 'addr:country': 'HU', 'payment:cash': 'yes', 'payment:debit_cards': 'yes', 'air_conditioning': 'yes'}",https://www.kulcspatika.hu/,hukulcspha,(kulcs patika|kulcs),True,,,,,,,,2019-08-19T09:33:21Z,,,
1461,679,21,,1010,2766,Tápiószele,Kossuth Lajos utca,8,,POINT (47.331359057749 19.873796042328),Kossuth Lajos út 8,patikak/segito-maria-gyogyszertar-p186,,,,,,,,,,,,,,,,,,,,,,,,,,,,,,,,,,,False,,"{not_in_water,street_is_around,street_metaphone_is_around}",{},,2019-08-19 09:27:19.435501+00:00,,,47.3313418151641,19.873853664211,21,Kulcs Patika,pharmacy,"{'amenity': 'pharmacy', 'brand': 'Kulcs Patika', 'dispensing': 'yes', 'addr:country': 'HU', 'payment:cash': 'yes', 'payment:debit_cards': 'yes', 'air_conditioning': 'yes'}",https://www.kulcspatika.hu/,hukulcspha,(kulcs patika|kulcs),True,,,,3204480902,OSM_object_type.node,1,0,2014-11-25T11:54:28Z,{'amenity': 'pharmacy'},,4.74699481
1462,680,21,,3270,8000,Székesfehérvár,Batthyány utca,12,,POINT (47.168469177256 18.407403898148),Batthyányi utca 12.,patikak/sosto-gyogyszertar-p96,,,,,,,,,,,,,,,,,,,,,,,,,,,,,,,,,,,False,,"{not_in_water,street_is_around,street_metaphone_is_around}",{},,2019-08-19 09:27:19.435501+00:00,,,47.168381268827,18.4077696133678,21,Kulcs Patika,pharmacy,"{'amenity': 'pharmacy', 'brand': 'Kulcs Patika', 'dispensing': 'yes', 'addr:country': 'HU', 'payment:cash': 'yes', 'payment:debit_cards': 'yes', 'air_conditioning': 'yes'}",https://www.kulcspatika.hu/,hukulcspha,(kulcs patika|kulcs),True,,,,3469211081,OSM_object_type.node,4,0,2019-04-15T05:38:41Z,"{'source': 'survey', 'addr:street': 'Batthyány utca', 'name': 'Sóstó Gyógyszertár', 'amenity': 'pharmacy', 'wheelchair': 'yes'}",,29.32362069
1463,681,21,,3270,8000,Székesfehérvár,Pozsonyi út,99/A,,POINT (47.205375 18.459766),Pozsonyi út 99/A,patikak/oreghegyi-patika-p80,,,,,,,,,,,,,,,,,,,,,,,,,,,,,,,,,,,False,,"{not_in_water,street_is_around,street_metaphone_is_around}",{},,2019-08-19 09:27:19.435501+00:00,,,47.205262612454,18.460233202254,21,Kulcs Patika,pharmacy,"{'amenity': 'pharmacy', 'brand': 'Kulcs Patika', 'dispensing': 'yes', 'addr:country': 'HU', 'payment:cash': 'yes', 'payment:debit_cards': 'yes', 'air_conditioning': 'yes'}",https://www.kulcspatika.hu/,hukulcspha,(kulcs patika|kulcs),True,,,,2114336720,OSM_object_type.node,6,0,2018-12-09T10:38:19Z,"{'wheelchair': 'no', 'name:it': 'Öreghegyi Gyógyszertár', 'addr:street': 'Dévény utca', 'name': 'Öreghegyi gyógyszertár', 'amenity': 'pharmacy'}",,37.44100229
1464,682,21,,1006,2760,Nagykáta,Dózsa György utca,27,,POINT (47.414273 19.737764),Dózsa György utca 27.,patikak/bonsu-patika-p19,,,,,,,,,,,,,,,,,,,,,,,,,,,,,,,,,,,False,,"{not_in_water,street_is_around,street_metaphone_is_around}",{},,2019-08-19 09:27:19.435501+00:00,,,47.414273,19.737764,21,Kulcs Patika,pharmacy,"{'amenity': 'pharmacy', 'brand': 'Kulcs Patika', 'dispensing': 'yes', 'addr:country': 'HU', 'payment:cash': 'yes', 'payment:debit_cards': 'yes', 'air_conditioning': 'yes'}",https://www.kulcspatika.hu/,hukulcspha,(kulcs patika|kulcs),True,,,,,,,,2019-08-19T09:33:21Z,,,
1465,683,21,,864,2490,Pusztaszabolcs,Sport utca,6,,POINT (47.138746 18.760136),Sport utca 6.,patikak/irisz-gyogyszertar-p51,,,,,,,,,,,,,,,,,,,,,,,,,,,,,,,,,,,False,,"{not_in_water,street_is_around,street_metaphone_is_around}",{},,2019-08-19 09:27:19.435501+00:00,,,47.1384668123565,18.7599949040208,21,Kulcs Patika,pharmacy,"{'amenity': 'pharmacy', 'brand': 'Kulcs Patika', 'dispensing': 'yes', 'addr:country': 'HU', 'payment:cash': 'yes', 'payment:debit_cards': 'yes', 'air_conditioning': 'yes'}",https://www.kulcspatika.hu/,hukulcspha,(kulcs patika|kulcs),True,,,,5261774921,OSM_object_type.node,1,0,2017-12-03T11:21:31Z,{'amenity': 'pharmacy'},,32.82748907
1466,684,21,,991,2723,Nyáregyháza,Diófasor út,11,,POINT (47.259412107478 19.502666115761),Diófasor út 11,patikak/diofa-gyogyszertar-p154,,,,,,,,,,,,,,,,,,,,,,,,,,,,,,,,,,,False,,"{not_in_water,street_is_around,street_metaphone_is_around}",{},,2019-08-19 09:27:19.435501+00:00,,,47.259412107478,19.502666115761,21,Kulcs Patika,pharmacy,"{'amenity': 'pharmacy', 'brand': 'Kulcs Patika', 'dispensing': 'yes', 'addr:country': 'HU', 'payment:cash': 'yes', 'payment:debit_cards': 'yes', 'air_conditioning': 'yes'}",https://www.kulcspatika.hu/,hukulcspha,(kulcs patika|kulcs),True,,,,,,,,2019-08-19T09:33:21Z,,,
1467,685,21,,865,2500,Esztergom,Aradi tér,2/C,,POINT (47.794119366143 18.740285933018),Aradi tér 2/c,patikak/kis-duna-patika-p166,,,,,,,,,,,,,,,,,,,,,,,,,,,,,,,,,,,False,,{not_in_water},"{street_is_not_around,street_metaphone_is_not_around}",,2019-08-19 09:27:19.435501+00:00,,,47.7942562801812,18.7402708648219,21,Kulcs Patika,pharmacy,"{'amenity': 'pharmacy', 'brand': 'Kulcs Patika', 'dispensing': 'yes', 'addr:country': 'HU', 'payment:cash': 'yes', 'payment:debit_cards': 'yes', 'air_conditioning': 'yes'}",https://www.kulcspatika.hu/,hukulcspha,(kulcs patika|kulcs),True,,,,5111733668,OSM_object_type.node,2,0,2018-04-05T19:41:36Z,"{'name': 'Kisduna Patika', 'amenity': 'pharmacy'}",,15.26572134
1468,686,21,,865,2500,Esztergom,Kossuth Lajos utca,41,,POINT (47.788748998269 18.740789294243),Kossuth Lajos utca 41.,patikak/kersi-patika-p165,,,,,,,,,,,,,,,,,,,,,,,,,,,,,,,,,,,False,,"{not_in_water,street_is_around,street_metaphone_is_around}",{},,2019-08-19 09:27:19.435501+00:00,,,47.7887402682088,18.7407338565194,21,Kulcs Patika,pharmacy,"{'amenity': 'pharmacy', 'brand': 'Kulcs Patika', 'dispensing': 'yes', 'addr:country': 'HU', 'payment:cash': 'yes', 'payment:debit_cards': 'yes', 'air_conditioning': 'yes'}",https://www.kulcspatika.hu/,hukulcspha,(kulcs patika|kulcs),True,,,,3454423004,OSM_object_type.node,4,0,2018-04-08T01:41:31Z,"{'website': 'http://www.medigen.hu/patikakereso/905_kerschbaummayer-gyogyszertar', 'source:date': '2011-02-24', 'opening_hours': 'Mo-Fr 08:00-16:00', 'description': 'Kerschbanmayer Patika Esztergom, Kossuth L. 41.', 'source': 'turistautak.hu', 'phone': '+36 (33) 411 145', 'url': 'http://turistautak.hu/poi.php?id=19031', 'name': 'Kerschbanmayer patika', 'amenity': 'pharmacy'}",,4.25389512
1469,687,21,,758,2242,Sülysáp,Vasút utca,26,,POINT (47.452389627434 19.524404626984),Vasút utca 26.,patikak/levendula-patika-p69,,,,,,,,,,,,,,,,,,,,,,,,,,,,,,,,,,,False,,"{not_in_water,street_is_around,street_metaphone_is_around}",{},,2019-08-19 09:27:19.435501+00:00,,,47.4524189874896,19.5244860043083,21,Kulcs Patika,pharmacy,"{'amenity': 'pharmacy', 'brand': 'Kulcs Patika', 'dispensing': 'yes', 'addr:country': 'HU', 'payment:cash': 'yes', 'payment:debit_cards': 'yes', 'air_conditioning': 'yes'}",https://www.kulcspatika.hu/,hukulcspha,(kulcs patika|kulcs),True,,,,3446927885,OSM_object_type.node,1,0,2015-04-09T15:37:03Z,"{'source': 'turistautak.hu', 'source:date': '2011-05-16', 'url': 'http://turistautak.hu/poi.php?id=77525', 'amenity': 'pharmacy'}",,6.93526086
1470,688,21,,806,2371,Dabas,Szent János út,154,,POINT (47.213278712211 19.278215589302),Szent János út 154.,patikak/szent-janos-gyogyszertar-p107,,,,,,,,,,,,,,,,,,,,,,,,,,,,,,,,,,,False,,"{not_in_water,street_is_around,street_metaphone_is_around}",{},,2019-08-19 09:27:19.435501+00:00,,,47.213278712211,19.278215589302,21,Kulcs Patika,pharmacy,"{'amenity': 'pharmacy', 'brand': 'Kulcs Patika', 'dispensing': 'yes', 'addr:country': 'HU', 'payment:cash': 'yes', 'payment:debit_cards': 'yes', 'air_conditioning': 'yes'}",https://www.kulcspatika.hu/,hukulcspha,(kulcs patika|kulcs),True,,,,,,,,2019-08-19T09:33:21Z,,,
1471,689,21,,912,2621,Verőce,Rákóczi út,3,,POINT (47.822613761911 19.03510093689),Rákóczi út 3.,patikak/dunakanyar-gyogyszertar-p160,,,,,,,,,,,,,,,,,,,,,,,,,,,,,,,,,,,False,,"{not_in_water,street_is_around,street_metaphone_is_around}",{},,2019-08-19 09:27:19.435501+00:00,,,47.8226216165427,19.034988795763,21,Kulcs Patika,pharmacy,"{'amenity': 'pharmacy', 'brand': 'Kulcs Patika', 'dispensing': 'yes', 'addr:country': 'HU', 'payment:cash': 'yes', 'payment:debit_cards': 'yes', 'air_conditioning': 'yes'}",https://www.kulcspatika.hu/,hukulcspha,(kulcs patika|kulcs),True,,,,2430419885,OSM_object_type.node,2,0,2019-08-06T19:36:21Z,"{'healthcare': 'pharmacy', 'amenity': 'pharmacy'}",,8.41783306
1472,690,21,,689,2117,Isaszeg,Kossuth Lajos utca,87,,POINT (47.539020874759 19.394731521606),Kossuth L. utca  87,patikak/ezustkehely-patika-p159,,,,,,,,,,,,,,,,,,,,,,,,,,,,,,,,,,,False,,"{not_in_water,street_is_around,street_metaphone_is_around}",{},,2019-08-19 09:27:19.435501+00:00,,,47.539020874759,19.394731521606,21,Kulcs Patika,pharmacy,"{'amenity': 'pharmacy', 'brand': 'Kulcs Patika', 'dispensing': 'yes', 'addr:country': 'HU', 'payment:cash': 'yes', 'payment:debit_cards': 'yes', 'air_conditioning': 'yes'}",https://www.kulcspatika.hu/,hukulcspha,(kulcs patika|kulcs),True,,,,,,,,2019-08-19T09:33:21Z,,,
1473,691,21,,678,2100,Gödöllő,Thegze Lajos utca,2,,POINT (47.610557 19.338002),Thegze Lajos utca 2.,patikak/sanitas-tescopatika-p112,,,,,,,,,,,,,,,,,,,,,,,,,,,,,,,,,,,False,,"{not_in_water,street_is_around,street_metaphone_is_around}",{},,2019-08-19 09:27:19.435501+00:00,,,47.610557,19.338002,21,Kulcs Patika,pharmacy,"{'amenity': 'pharmacy', 'brand': 'Kulcs Patika', 'dispensing': 'yes', 'addr:country': 'HU', 'payment:cash': 'yes', 'payment:debit_cards': 'yes', 'air_conditioning': 'yes'}",https://www.kulcspatika.hu/,hukulcspha,(kulcs patika|kulcs),True,,,,,,,,2019-08-19T09:33:21Z,,,
1474,692,21,,152,1171,Budapest,Pesti út,368,,POINT (47.4692 19.294599),Pesti út 368.,patikak/szent-gyorgy-gyogyszertar-p99,,,,,,,,,,,,,,,,,,,,,,,,,,,,,,,,,,,False,,"{not_in_water,street_is_around,street_metaphone_is_around}",{},,2019-08-19 09:27:19.435501+00:00,,,47.4692,19.294599,21,Kulcs Patika,pharmacy,"{'amenity': 'pharmacy', 'brand': 'Kulcs Patika', 'dispensing': 'yes', 'addr:country': 'HU', 'payment:cash': 'yes', 'payment:debit_cards': 'yes', 'air_conditioning': 'yes'}",https://www.kulcspatika.hu/,hukulcspha,(kulcs patika|kulcs),True,,,,,,,,2019-08-19T09:33:21Z,,,
1475,693,21,,775,2315,Szigethalom,Kossuth Lajos utca,12,,POINT (47.32643954805 19.002023935318),Kossuth L.u.12/3,patikak/csillag-patika-p153,,,,,,,,,,,,,,,,,,,,,,,,,,,,,,,,,,,False,,"{not_in_water,street_is_around,street_metaphone_is_around}",{},,2019-08-19 09:27:19.435501+00:00,,,47.32643954805,19.002023935318,21,Kulcs Patika,pharmacy,"{'amenity': 'pharmacy', 'brand': 'Kulcs Patika', 'dispensing': 'yes', 'addr:country': 'HU', 'payment:cash': 'yes', 'payment:debit_cards': 'yes', 'air_conditioning': 'yes'}",https://www.kulcspatika.hu/,hukulcspha,(kulcs patika|kulcs),True,,,,,,,,2019-08-19T09:33:21Z,,,
1476,694,21,,710,2151,Fót,Szent Benedek utca,15,,POINT (47.616311 19.193243),Szent Benedek utca 15.,patikak/pandulia-gyogyszertar-p82,,,,,,,,,,,,,,,,,,,,,,,,,,,,,,,,,,,False,,"{not_in_water,street_is_around,street_metaphone_is_around}",{},,2019-08-19 09:27:19.435501+00:00,,,47.616311,19.193243,21,Kulcs Patika,pharmacy,"{'amenity': 'pharmacy', 'brand': 'Kulcs Patika', 'dispensing': 'yes', 'addr:country': 'HU', 'payment:cash': 'yes', 'payment:debit_cards': 'yes', 'air_conditioning': 'yes'}",https://www.kulcspatika.hu/,hukulcspha,(kulcs patika|kulcs),True,,,,,,,,2019-08-19T09:33:21Z,,,
1477,695,21,,710,2151,Fót,Vörösmarty Mihály tér,4,,POINT (47.60706 19.197127),Vörösmarty Mihály tér 4.,patikak/somlyo-gyogyszertar-p95,,,,,,,,,,,,,,,,,,,,,,,,,,,,,,,,,,,False,,"{not_in_water,street_is_around,street_metaphone_is_around}",{},,2019-08-19 09:27:19.435501+00:00,,,47.6068400172988,19.1969899859543,21,Kulcs Patika,pharmacy,"{'amenity': 'pharmacy', 'brand': 'Kulcs Patika', 'dispensing': 'yes', 'addr:country': 'HU', 'payment:cash': 'yes', 'payment:debit_cards': 'yes', 'air_conditioning': 'yes'}",https://www.kulcspatika.hu/,hukulcspha,(kulcs patika|kulcs),True,,,,3398757662,OSM_object_type.node,1,0,2015-03-14T21:34:59Z,"{'source': 'turistautak.hu', 'url': 'http://turistautak.hu/poi.php?id=139976', 'name': 'Somlyó Gyógyszertár', 'amenity': 'pharmacy'}",,26.53018356
1478,696,21,,663,2085,Pilisvörösvár,Fő utca,109,,POINT (47.619824204192 18.907204980087),Fő u. 109.,patikak/non-stop-gyogyszertar-pilisvorosvar-p192,,,,,,,,,,,,,,,,,,,,,,,,,,,,,,,,,,,False,,{not_in_water},"{street_is_not_around,street_metaphone_is_not_around}",,2019-08-19 09:27:19.435501+00:00,,,47.619824204192,18.907204980087,21,Kulcs Patika,pharmacy,"{'amenity': 'pharmacy', 'brand': 'Kulcs Patika', 'dispensing': 'yes', 'addr:country': 'HU', 'payment:cash': 'yes', 'payment:debit_cards': 'yes', 'air_conditioning': 'yes'}",https://www.kulcspatika.hu/,hukulcspha,(kulcs patika|kulcs),True,,,,,,,,2019-08-19T09:33:21Z,,,
1479,697,21,,692,2120,Dunakeszi,Fóti út,77,,POINT (47.621799808646 19.159212112427),Fóti út 77.,patikak/agnes-gyogyszertar-p142,,,,,,,,,,,,,,,,,,,,,,,,,,,,,,,,,,,False,,"{not_in_water,street_is_around,street_metaphone_is_around}",{},,2019-08-19 09:27:19.435501+00:00,,,47.621799808646,19.159212112427,21,Kulcs Patika,pharmacy,"{'amenity': 'pharmacy', 'brand': 'Kulcs Patika', 'dispensing': 'yes', 'addr:country': 'HU', 'payment:cash': 'yes', 'payment:debit_cards': 'yes', 'air_conditioning': 'yes'}",https://www.kulcspatika.hu/,hukulcspha,(kulcs patika|kulcs),True,,,,,,,,2019-08-19T09:33:21Z,,,
1480,698,21,,625,2030,Érd,Budai út,13,,POINT (47.378474901543 18.925935029984),Budai út 13.,patikak/szent-gyorgy-gyogyszertar-p168,,,,,,,,,,,,,,,,,,,,,,,,,,,,,,,,,,,False,,"{not_in_water,street_is_around,street_metaphone_is_around}",{},,2019-08-19 09:27:19.435501+00:00,,,47.378474901543,18.925935029984,21,Kulcs Patika,pharmacy,"{'amenity': 'pharmacy', 'brand': 'Kulcs Patika', 'dispensing': 'yes', 'addr:country': 'HU', 'payment:cash': 'yes', 'payment:debit_cards': 'yes', 'air_conditioning': 'yes'}",https://www.kulcspatika.hu/,hukulcspha,(kulcs patika|kulcs),True,,,,,,,,2019-08-19T09:33:21Z,,,
1481,699,21,,163,1188,Budapest,Ady Endre utca,86,,POINT (47.406548 19.188909),Ady Endre utca 86.,patikak/pestszentimrei-gizella-gyogyszertar-p84,,,,,,,,,,,,,,,,,,,,,,,,,,,,,,,,,,,False,,"{not_in_water,street_is_around,street_metaphone_is_around}",{},,2019-08-19 09:27:19.435501+00:00,,,47.4065379080793,19.1889320080242,21,Kulcs Patika,pharmacy,"{'amenity': 'pharmacy', 'brand': 'Kulcs Patika', 'dispensing': 'yes', 'addr:country': 'HU', 'payment:cash': 'yes', 'payment:debit_cards': 'yes', 'air_conditioning': 'yes'}",https://www.kulcspatika.hu/,hukulcspha,(kulcs patika|kulcs),True,,,,3217651161,OSM_object_type.node,5,0,2019-08-04T06:36:27Z,"{'wheelchair': 'yes', 'healthcare': 'pharmacy', 'addr:street': 'Ady Endre utca', 'addr:postcode': '1188', 'opening_hours': 'Mo-Fr 08:00-20:00; Sa 08:00-12:00', 'addr:housenumber': '86', 'phone': '+3612970133', 'name': 'Pestszentimrei Gizella Gyógyszertár', 'amenity': 'pharmacy', 'addr:city': 'Budapest'}",,2.06332943
1482,700,21,,154,1173,Budapest,Pesti út,5-7,,POINT (47.483292907705 19.227433779099),Pesti út 5-7.,patikak/akademia-patika-p2,,,,,,,,,,,,,,,,,,,,,,,,,,,,,,,,,,,False,,"{not_in_water,street_is_around,street_metaphone_is_around}",{},,2019-08-19 09:27:19.435501+00:00,,,47.483292907705,19.227433779099,21,Kulcs Patika,pharmacy,"{'amenity': 'pharmacy', 'brand': 'Kulcs Patika', 'dispensing': 'yes', 'addr:country': 'HU', 'payment:cash': 'yes', 'payment:debit_cards': 'yes', 'air_conditioning': 'yes'}",https://www.kulcspatika.hu/,hukulcspha,(kulcs patika|kulcs),True,,,,,,,,2019-08-19T09:33:21Z,,,
1483,701,21,,643,2049,Diósd,Szent István tér,7,,POINT (47.40861711385 18.949314281615),Szent István tér 7,patikak/szent-gellert-gyogyszertar-p183,,,,,,,,,,,,,,,,,,,,,,,,,,,,,,,,,,,False,,"{not_in_water,street_is_around,street_metaphone_is_around}",{},,2019-08-19 09:27:19.435501+00:00,,,47.40861711385,18.949314281615,21,Kulcs Patika,pharmacy,"{'amenity': 'pharmacy', 'brand': 'Kulcs Patika', 'dispensing': 'yes', 'addr:country': 'HU', 'payment:cash': 'yes', 'payment:debit_cards': 'yes', 'air_conditioning': 'yes'}",https://www.kulcspatika.hu/,hukulcspha,(kulcs patika|kulcs),True,,,,292305648,OSM_object_type.way,4,0,2019-07-03T01:29:55Z,"{'healthcare': 'pharmacy', 'building': 'yes', 'roof:shape': 'hipped', 'name': 'Szent Gellért patika', 'amenity': 'pharmacy', 'roof:colour': 'darkgrey'}","[2958524022, 2958524023, 2958524028, 2958524024, 2958524025, 2958524022]",0.0
1484,702,21,,151,1165,Budapest,Centenáriumi sétány,16-18,,POINT (47.51696506644 19.184552067459),Centenáriumi sétány 16-18.,patikak/gyemant-patika-p39,,,,,,,,,,,,,,,,,,,,,,,,,,,,,,,,,,,False,,"{not_in_water,street_is_around,street_metaphone_is_around}",{},,2019-08-19 09:27:19.435501+00:00,,,47.51696506644,19.184552067459,21,Kulcs Patika,pharmacy,"{'amenity': 'pharmacy', 'brand': 'Kulcs Patika', 'dispensing': 'yes', 'addr:country': 'HU', 'payment:cash': 'yes', 'payment:debit_cards': 'yes', 'air_conditioning': 'yes'}",https://www.kulcspatika.hu/,hukulcspha,(kulcs patika|kulcs),True,,,,287658540,OSM_object_type.way,5,0,2019-08-04T06:52:24Z,"{'healthcare': 'pharmacy', 'addr:street': 'Centenáriumi sétány', 'addr:postcode': '1165', 'addr:housenumber': '16', 'dispensing': 'no', 'name': 'Gyémánt Patika', 'amenity': 'pharmacy', 'addr:city': 'Budapest'}","[2912294270, 2912294273, 2912294272, 2912294271, 2912294270]",2.79090977
1485,703,21,,140,1152,Budapest,Szentmihályi út,167-169,,POINT (47.549076687692 19.148097038269),Szentmihályi út 167-169,patikak/kulcs-gyogyszertar-asiacenter-p184,,,,,,,,,,,,,,,,,,,,,,,,,,,,,,,,,,,False,,{not_in_water},"{street_is_not_around,street_metaphone_is_not_around}",,2019-08-19 09:27:19.435501+00:00,,,47.5489673726194,19.147572674028,21,Kulcs Patika,pharmacy,"{'amenity': 'pharmacy', 'brand': 'Kulcs Patika', 'dispensing': 'yes', 'addr:country': 'HU', 'payment:cash': 'yes', 'payment:debit_cards': 'yes', 'air_conditioning': 'yes'}",https://www.kulcspatika.hu/,hukulcspha,(kulcs patika|kulcs),True,,,,5378532023,OSM_object_type.node,2,0,2018-03-03T20:35:25Z,"{'healthcare': 'pharmacy', 'payment:american_express': 'yes', 'opening_hours': '24/7', 'addr:postcode': '1152', 'level': '0', 'payment:visa': 'yes', 'drive_through': 'no', 'payment:cards': 'yes', 'addr:city': 'Budapest', 'website': 'http://asiacenterpatika.hu/', 'payment:maestro': 'yes', 'payment:mastercard': 'yes', 'payment:cash': 'yes', 'addr:street': 'Szentmihályi út', 'payment:visa_electron': 'yes', 'payment:visa_debit': 'yes', 'addr:housenumber': '167-169', 'phone': '+36 1 688 90 88', 'name': 'AsiaCenter Gyógyszertár', 'amenity': 'pharmacy'}",,41.18907944
1486,704,21,,100,1103,Budapest,Gyömrői út,99,,POINT (47.466369823981 19.158057188559),Gyömrői út 99.,patikak/prima-gyogyszertar-ujhegy-bevasarloudvar-p144,,,,,,,,,,,,,,,,,,,,,,,,,,,,,,,,,,,False,,"{not_in_water,street_is_around,street_metaphone_is_around}",{},,2019-08-19 09:27:19.435501+00:00,,,47.4663708873422,19.1578786859566,21,Kulcs Patika,pharmacy,"{'amenity': 'pharmacy', 'brand': 'Kulcs Patika', 'dispensing': 'yes', 'addr:country': 'HU', 'payment:cash': 'yes', 'payment:debit_cards': 'yes', 'air_conditioning': 'yes'}",https://www.kulcspatika.hu/,hukulcspha,(kulcs patika|kulcs),True,,,,2579720793,OSM_object_type.node,5,0,2019-07-31T09:29:17Z,"{'wheelchair': 'yes', 'healthcare': 'pharmacy', 'opening_hours': 'Mo-Fr 07:30-20:00; Sa 08:00-18:00; Su 08:00-15:00', 'addr:postcode': '1103', 'drive_through': 'no', 'name': 'Príma Gyógyszertár', 'website': 'https://kulcspatika.hu/patikak/prima-gyogyszertar-cba-ujhegy-bevasarloudvar-p144', 'addr:street': 'Gyömrői út', 'dispensing': 'pharmacie', 'phone': '+36 1 431 79 47', 'addr:housenumber': '99', 'amenity': 'pharmacy', 'addr:city': 'Budapest'}",,13.4186353
1487,705,21,,52,1042,Budapest,Árpád út,183-185,,POINT (47.561954202561 19.106427580118),Árpád út 183-185,patikak/szent-andras-gyogyszertar-p167,,,,,,,,,,,,,,,,,,,,,,,,,,,,,,,,,,,False,,"{not_in_water,street_is_around,street_metaphone_is_around}",{},,2019-08-19 09:27:19.435501+00:00,,,47.5617474852049,19.1068421607308,21,Kulcs Patika,pharmacy,"{'amenity': 'pharmacy', 'brand': 'Kulcs Patika', 'dispensing': 'yes', 'addr:country': 'HU', 'payment:cash': 'yes', 'payment:debit_cards': 'yes', 'air_conditioning': 'yes'}",https://www.kulcspatika.hu/,hukulcspha,(kulcs patika|kulcs),True,,,,4224960792,OSM_object_type.node,1,0,2016-06-04T05:16:13Z,{'amenity': 'pharmacy'},,38.67858989
1488,706,21,,172,1203,Budapest,Kossuth Lajos utca,55,,POINT (47.440524771748 19.107687275463),Kossuth Lajos utca  55,patikak/albatros-patika-p182,,,,,,,,,,,,,,,,,,,,,,,,,,,,,,,,,,,False,,"{not_in_water,street_is_around,street_metaphone_is_around}",{},,2019-08-19 09:27:19.435501+00:00,,,47.440524771748,19.107687275463,21,Kulcs Patika,pharmacy,"{'amenity': 'pharmacy', 'brand': 'Kulcs Patika', 'dispensing': 'yes', 'addr:country': 'HU', 'payment:cash': 'yes', 'payment:debit_cards': 'yes', 'air_conditioning': 'yes'}",https://www.kulcspatika.hu/,hukulcspha,(kulcs patika|kulcs),True,,,,,,,,2019-08-19T09:33:21Z,,,
1489,707,21,,55,1045,Budapest,Rózsa utca,16-18,,POINT (47.557370497567 19.100082971828),Rózsa utca 16-18,patikak/szent-borbala-gyogyszertar-p175,,,,,,,,,,,,,,,,,,,,,,,,,,,,,,,,,,,False,,"{not_in_water,street_is_around,street_metaphone_is_around}",{},,2019-08-19 09:27:19.435501+00:00,,,47.5573846947022,19.1000881772671,21,Kulcs Patika,pharmacy,"{'amenity': 'pharmacy', 'brand': 'Kulcs Patika', 'dispensing': 'yes', 'addr:country': 'HU', 'payment:cash': 'yes', 'payment:debit_cards': 'yes', 'air_conditioning': 'yes'}",https://www.kulcspatika.hu/,hukulcspha,(kulcs patika|kulcs),True,,,,2555992832,OSM_object_type.node,5,0,2015-04-23T03:23:56Z,"{'wheelchair': 'yes', 'addr:street': 'Rózsa utca', 'addr:postcode': '1042', 'opening_hours': 'Mo-Fr 08:00-20:00;Sa 08:00-12:00', 'addr:housenumber': '16', 'phone': '+3613694460', 'name': 'Szent Borbála Gyógyszertár', 'amenity': 'pharmacy', 'addr:city': 'Budapest'}",,1.62626028
1490,708,21,,143,1155,Budapest,Szent Korona útja,25/B,,POINT (47.541537724795 19.123747944832),Szent Korona útja 25/B.,patikak/diana-gyogyszertar-p189,,,,,,,,,,,,,,,,,,,,,,,,,,,,,,,,,,,False,,"{not_in_water,street_is_around,street_metaphone_is_around}",{},,2019-08-19 09:27:19.435501+00:00,,,47.541537724795,19.123747944832,21,Kulcs Patika,pharmacy,"{'amenity': 'pharmacy', 'brand': 'Kulcs Patika', 'dispensing': 'yes', 'addr:country': 'HU', 'payment:cash': 'yes', 'payment:debit_cards': 'yes', 'air_conditioning': 'yes'}",https://www.kulcspatika.hu/,hukulcspha,(kulcs patika|kulcs),True,,,,,,,,2019-08-19T09:33:21Z,,,
1491,709,21,,133,1144,Budapest,Csertő park,3/A,,POINT (47.511394856793 19.143211941139),Csertő park 3/A,patikak/cserto-patika-p25,,,,,,,,,,,,,,,,,,,,,,,,,,,,,,,,,,,False,,"{not_in_water,street_is_around,street_metaphone_is_around}",{},,2019-08-19 09:27:19.435501+00:00,,,47.511394856793,19.143211941139,21,Kulcs Patika,pharmacy,"{'amenity': 'pharmacy', 'brand': 'Kulcs Patika', 'dispensing': 'yes', 'addr:country': 'HU', 'payment:cash': 'yes', 'payment:debit_cards': 'yes', 'air_conditioning': 'yes'}",https://www.kulcspatika.hu/,hukulcspha,(kulcs patika|kulcs),True,,,,,,,,2019-08-19T09:33:21Z,,,
1492,710,21,,103,1106,Budapest,Gyakorló utca,4/C,,POINT (47.501754 19.138827),"Gyakorló utca 4/C, fsz. 2.",patikak/europa-gyogyszertar-p31,,,,,,,,,,,,,,,,,,,,,,,,,,,,,,,,,,,False,,"{not_in_water,street_is_around,street_metaphone_is_around}",{},,2019-08-19 09:27:19.435501+00:00,,,47.5017719801052,19.1390685028963,21,Kulcs Patika,pharmacy,"{'amenity': 'pharmacy', 'brand': 'Kulcs Patika', 'dispensing': 'yes', 'addr:country': 'HU', 'payment:cash': 'yes', 'payment:debit_cards': 'yes', 'air_conditioning': 'yes'}",https://www.kulcspatika.hu/,hukulcspha,(kulcs patika|kulcs),True,,,,1084263760,OSM_object_type.node,4,0,2019-05-24T23:08:16Z,"{'wheelchair': 'no', 'healthcare': 'pharmacy', 'name': 'Európa', 'amenity': 'pharmacy'}",,18.25147936
1493,711,21,,97,1098,Budapest,Dési Huber utca,20,,POINT (47.4662 19.1135),Dési Huber utca 20.,patikak/pirula-gyogyszertar-p86,,,,,,,,,,,,,,,,,,,,,,,,,,,,,,,,,,,False,,"{not_in_water,street_is_around,street_metaphone_is_around}",{},,2019-08-19 09:27:19.435501+00:00,,,47.4662,19.1135,21,Kulcs Patika,pharmacy,"{'amenity': 'pharmacy', 'brand': 'Kulcs Patika', 'dispensing': 'yes', 'addr:country': 'HU', 'payment:cash': 'yes', 'payment:debit_cards': 'yes', 'air_conditioning': 'yes'}",https://www.kulcspatika.hu/,hukulcspha,(kulcs patika|kulcs),True,,,,,,,,2019-08-19T09:33:21Z,,,
1494,712,21,,125,1135,Budapest,Reitter Ferenc utca,99,,POINT (47.536402739607 19.089152812958),Reitter Ferenc utca 99,patikak/arany-korona-gyogyszertar-p170,,,,,,,,,,,,,,,,,,,,,,,,,,,,,,,,,,,False,,"{not_in_water,street_is_around,street_metaphone_is_around}",{},,2019-08-19 09:27:19.435501+00:00,,,47.5365451760704,19.0891281019802,21,Kulcs Patika,pharmacy,"{'amenity': 'pharmacy', 'brand': 'Kulcs Patika', 'dispensing': 'yes', 'addr:country': 'HU', 'payment:cash': 'yes', 'payment:debit_cards': 'yes', 'air_conditioning': 'yes'}",https://www.kulcspatika.hu/,hukulcspha,(kulcs patika|kulcs),True,,,,1698366666,OSM_object_type.node,2,0,2015-11-19T10:42:52Z,"{'wheelchair': 'yes', 'amenity': 'pharmacy'}",,15.94650071
1495,713,21,,131,1142,Budapest,Kassai tér,12,,POINT (47.524211 19.098679),Kassai tér 12.,patikak/vital-patika-p114,,,,,,,,,,,,,,,,,,,,,,,,,,,,,,,,,,,False,,"{not_in_water,street_is_around,street_metaphone_is_around}",{},,2019-08-19 09:27:19.435501+00:00,,,47.5242503971251,19.0985674193226,21,Kulcs Patika,pharmacy,"{'amenity': 'pharmacy', 'brand': 'Kulcs Patika', 'dispensing': 'yes', 'addr:country': 'HU', 'payment:cash': 'yes', 'payment:debit_cards': 'yes', 'air_conditioning': 'yes'}",https://www.kulcspatika.hu/,hukulcspha,(kulcs patika|kulcs),True,,,,2631708075,OSM_object_type.node,6,0,2015-10-04T22:47:51Z,"{'wheelchair': 'no', 'addr:street': 'Kassai tér', 'addr:postcode': '1142', 'addr:housenumber': '12', 'name': 'Vitál Patika', 'amenity': 'pharmacy', 'addr:city': 'Budapest'}",,9.45449654
1496,714,21,,47,1036,Budapest,Pacsirtamező utca,49,,POINT (47.536783730482 19.041267335415),Pacsirtamező utca 49.,patikak/pacsirta-patika-p180,,,,,,,,,,,,,,,,,,,,,,,,,,,,,,,,,,,False,,"{not_in_water,street_is_around,street_metaphone_is_around}",{},,2019-08-19 09:27:19.435501+00:00,,,47.536783730482,19.041267335415,21,Kulcs Patika,pharmacy,"{'amenity': 'pharmacy', 'brand': 'Kulcs Patika', 'dispensing': 'yes', 'addr:country': 'HU', 'payment:cash': 'yes', 'payment:debit_cards': 'yes', 'air_conditioning': 'yes'}",https://www.kulcspatika.hu/,hukulcspha,(kulcs patika|kulcs),True,,,,,,,,2019-08-19T09:33:21Z,,,
1497,715,21,,123,1133,Budapest,Árboc utca,6,,POINT (47.531786811619 19.064694163195),Árbóc utca 6.,patikak/alfa-gyogyszertar-p3,,,,,,,,,,,,,,,,,,,,,,,,,,,,,,,,,,,False,,"{not_in_water,street_is_around,street_metaphone_is_around}",{},,2019-08-19 09:27:19.435501+00:00,,,47.531786811619,19.064694163195,21,Kulcs Patika,pharmacy,"{'amenity': 'pharmacy', 'brand': 'Kulcs Patika', 'dispensing': 'yes', 'addr:country': 'HU', 'payment:cash': 'yes', 'payment:debit_cards': 'yes', 'air_conditioning': 'yes'}",https://www.kulcspatika.hu/,hukulcspha,(kulcs patika|kulcs),True,,,,,,,,2019-08-19T09:33:21Z,,,
1498,716,21,,113,1118,Budapest,Bozókvár utca,6,,POINT (47.467985075381 19.016655385494),Bozókvár utca 6,patikak/bozokvar-patika-p188,,,,,,,,,,,,,,,,,,,,,,,,,,,,,,,,,,,False,,"{not_in_water,street_is_around,street_metaphone_is_around}",{},,2019-08-19 09:27:19.435501+00:00,,,47.4679552612588,19.016502185868,21,Kulcs Patika,pharmacy,"{'amenity': 'pharmacy', 'brand': 'Kulcs Patika', 'dispensing': 'yes', 'addr:country': 'HU', 'payment:cash': 'yes', 'payment:debit_cards': 'yes', 'air_conditioning': 'yes'}",https://www.kulcspatika.hu/,hukulcspha,(kulcs patika|kulcs),True,,,,4043636223,OSM_object_type.node,1,0,2016-03-06T13:56:57Z,"{'opening_hours': 'Mo-Fr 08:00-20:00; Sa 08:00-13:00', 'name': 'Bozókvár Gyógyszertár', 'amenity': 'pharmacy', 'survey:date': '2016-02-28'}",,11.98342394
1499,717,21,,86,1086,Budapest,Teleki László tér,5,,POINT (47.492772369736 19.08296146627),Teleki László tér 5.,patikak/gyogyhir-patika-p41,,,,,,,,,,,,,,,,,,,,,,,,,,,,,,,,,,,False,,"{not_in_water,street_is_around,street_metaphone_is_around}",{},,2019-08-19 09:27:19.435501+00:00,,,47.4926474050415,19.0829968306715,21,Kulcs Patika,pharmacy,"{'amenity': 'pharmacy', 'brand': 'Kulcs Patika', 'dispensing': 'yes', 'addr:country': 'HU', 'payment:cash': 'yes', 'payment:debit_cards': 'yes', 'air_conditioning': 'yes'}",https://www.kulcspatika.hu/,hukulcspha,(kulcs patika|kulcs),True,,,,2967880318,OSM_object_type.node,3,0,2017-12-26T23:01:46Z,"{'website': 'http://gyogyhirpatika.hu/', 'wheelchair': 'limited', 'addr:street': 'Teleki László tér', 'addr:postcode': '1086', 'opening_hours': 'Mo-Fr 07:00-18:00;Sa 07:00-14:00', 'addr:housenumber': '5', 'phone': '+36 1 31 31 614', 'name': 'Gyógyhír Patika', 'amenity': 'pharmacy', 'addr:city': 'Budapest'}",,14.14721046
1500,718,21,,83,1083,Budapest,Szigony utca,2,,POINT (47.488956 19.079399),Szigony utca 2.,patikak/szigony-gyogyszertar-p111,,,,,,,,,,,,,,,,,,,,,,,,,,,,,,,,,,,False,,"{not_in_water,street_is_around,street_metaphone_is_around}",{},,2019-08-19 09:27:19.435501+00:00,,,47.488956,19.079399,21,Kulcs Patika,pharmacy,"{'amenity': 'pharmacy', 'brand': 'Kulcs Patika', 'dispensing': 'yes', 'addr:country': 'HU', 'payment:cash': 'yes', 'payment:debit_cards': 'yes', 'air_conditioning': 'yes'}",https://www.kulcspatika.hu/,hukulcspha,(kulcs patika|kulcs),True,,,,,,,,2019-08-19T09:33:21Z,,,
1501,719,21,,66,1062,Budapest,Andrássy út,99,,POINT (47.51087740493 19.072305858135),Andrássy út 99.,patikak/andrassy-gyogyszertar-p158,,,,,,,,,,,,,,,,,,,,,,,,,,,,,,,,,,,False,,"{not_in_water,street_is_around,street_metaphone_is_around}",{},,2019-08-19 09:27:19.435501+00:00,,,47.5108781620893,19.0723794626654,21,Kulcs Patika,pharmacy,"{'amenity': 'pharmacy', 'brand': 'Kulcs Patika', 'dispensing': 'yes', 'addr:country': 'HU', 'payment:cash': 'yes', 'payment:debit_cards': 'yes', 'air_conditioning': 'yes'}",https://www.kulcspatika.hu/,hukulcspha,(kulcs patika|kulcs),True,,,,533628920,OSM_object_type.node,5,0,2015-04-25T18:48:08Z,"{'opening_hours': 'Mo-Fr 08:30-19:00;Sa 08:30-12:00', 'addr:postcode': '1062', 'addr:housenumber': '99', 'source': 'http://paperwalking-uploads.s3.amazonaws.com/scans/78mvb9xn/!/!/!.jpg', 'name': 'Andrássy Gyógyszertár', 'website': 'http://www.andrassybudapest.novodata.hu/', 'addr:street': 'Andrássy út', 'email': 'corvinus@invitel.hu', 'dispensing': 'yes', 'phone': '+36 1 342 8382', 'fax': '+36 1 4610403', 'amenity': 'pharmacy', 'addr:city': 'Budapest'}",,5.52883749
1502,720,21,,106,1111,Budapest,Budafoki út,47,,POINT (47.477583 19.053554),Budafoki út 47.,patikak/lagymanyos-patika-es-webaruhaz-p67,,,,,,,,,,,,,,,,,,,,,,,,,,,,,,,,,,,False,,"{not_in_water,street_is_around,street_metaphone_is_around}",{},,2019-08-19 09:27:19.435501+00:00,,,47.4776739158876,19.0535172671501,21,Kulcs Patika,pharmacy,"{'amenity': 'pharmacy', 'brand': 'Kulcs Patika', 'dispensing': 'yes', 'addr:country': 'HU', 'payment:cash': 'yes', 'payment:debit_cards': 'yes', 'air_conditioning': 'yes'}",https://www.kulcspatika.hu/,hukulcspha,(kulcs patika|kulcs),True,,,,733880890,OSM_object_type.node,7,0,2018-10-21T09:59:29Z,"{'wheelchair': 'limited', 'addr:country': 'HU', 'opening_hours': 'Mo-Fr 08:30-18:30; Sa 08:00-12:00', 'addr:postcode': '1111', 'ref:vatin:hu': '41383759-2-43', 'name': 'Lágymányos Patika', 'addr:street': 'Budafoki út', 'addr:city': 'Budapest', 'fax': '+36 1 4666 275', 'phone': '+36 1 4666 275', 'addr:housenumber': '47', 'amenity': 'pharmacy', 'operator': 'Szakváry Károly Istvánné'}",,10.47955366
1503,721,21,,127,1137,Budapest,Szent István park,26,,POINT (47.518683617268 19.051989531877),Szent István Park 26,patikak/szent-istvan-park-gyogyszertar-p181,,,,,,,,,,,,,,,,,,,,,,,,,,,,,,,,,,,False,,"{not_in_water,street_is_around,street_metaphone_is_around}",{},,2019-08-19 09:27:19.435501+00:00,,,47.5186349867538,19.0520366638989,21,Kulcs Patika,pharmacy,"{'amenity': 'pharmacy', 'brand': 'Kulcs Patika', 'dispensing': 'yes', 'addr:country': 'HU', 'payment:cash': 'yes', 'payment:debit_cards': 'yes', 'air_conditioning': 'yes'}",https://www.kulcspatika.hu/,hukulcspha,(kulcs patika|kulcs),True,,,,839145029,OSM_object_type.node,5,0,2019-07-18T19:03:20Z,"{'wheelchair': 'no', 'opening_hours': 'Mo-Fr 08:00-19:00; Sa 08:00-13:00', 'contact:phone': '+36 1 238 0075', 'contact:facebook': 'https://www.facebook.com/pages/Kulcs-Patika/', 'contact:website': 'https://kulcspatika.hu/patikak/szent-istvan-park-gyogyszertar-p181', 'name': 'Szent István Park Gyógyszertár', 'brand': 'Kulcs Patikák', 'amenity': 'pharmacy'}",,6.4628307
1504,722,21,,85,1085,Budapest,József körút,34,,POINT (47.49233223887 19.071502536535),József krt. 34.,patikak/rakoczi-gyogyszertar-p161,,,,,,,,,,,,,,,,,,,,,,,,,,,,,,,,,,,False,,"{not_in_water,street_is_around,street_metaphone_is_around}",{},,2019-08-19 09:27:19.435501+00:00,,,47.4923074962635,19.0715617262623,21,Kulcs Patika,pharmacy,"{'amenity': 'pharmacy', 'brand': 'Kulcs Patika', 'dispensing': 'yes', 'addr:country': 'HU', 'payment:cash': 'yes', 'payment:debit_cards': 'yes', 'air_conditioning': 'yes'}",https://www.kulcspatika.hu/,hukulcspha,(kulcs patika|kulcs),True,,,,2935124805,OSM_object_type.node,7,0,2017-09-19T06:40:23Z,"{'wheelchair': 'no', 'addr:street': 'Rákóczi tér', 'addr:postcode': '1084', 'opening_hours': 'Mo-Fr 08:00-19:00; Sa 09:00-13:00', 'addr:housenumber': '1', 'name': 'Rákóczi Gyógyszertár', 'amenity': 'pharmacy', 'addr:city': 'Budapest'}",,5.22936706
1505,723,21,,92,1093,Budapest,Közraktár utca,2/A,,POINT (47.485265892586 19.06018935582),Közraktár utca 2/A,patikak/corvinus-gyogyszertar-p24,,,,,,,,,,,,,,,,,,,,,,,,,,,,,,,,,,,False,,"{not_in_water,street_is_around,street_metaphone_is_around}",{},,2019-08-19 09:27:19.435501+00:00,,,47.4851792845095,19.0601534814801,21,Kulcs Patika,pharmacy,"{'amenity': 'pharmacy', 'brand': 'Kulcs Patika', 'dispensing': 'yes', 'addr:country': 'HU', 'payment:cash': 'yes', 'payment:debit_cards': 'yes', 'air_conditioning': 'yes'}",https://www.kulcspatika.hu/,hukulcspha,(kulcs patika|kulcs),True,,,,2660464796,OSM_object_type.node,3,0,2016-05-03T13:30:11Z,"{'website': 'http://www.corvinuspatika.hu/', 'wheelchair': 'no', 'addr:street': 'Közraktár utca', 'addr:postcode': '1093', 'addr:housenumber': '2/a', 'opening_hours': 'Mo-Th 07:30-19:00; Fr 07:30-16:00; Sa 08:00-13:00', 'dispensing': 'yes', 'name': 'Corvinus Gyógyszertár', 'amenity': 'pharmacy', 'addr:city': 'Budapest'}",,10.00056822
1506,724,21,,75,1073,Budapest,Erzsébet körút,58,,POINT (47.503248079257 19.065609461594),Erzsébet krt. 58.,patikak/royal-gyogyszertar-p145,,,,,,,,,,,,,,,,,,,,,,,,,,,,,,,,,,,False,,"{not_in_water,street_is_around,street_metaphone_is_around}",{},,2019-08-19 09:27:19.435501+00:00,,,47.5030781962796,19.0656796476134,21,Kulcs Patika,pharmacy,"{'amenity': 'pharmacy', 'brand': 'Kulcs Patika', 'dispensing': 'yes', 'addr:country': 'HU', 'payment:cash': 'yes', 'payment:debit_cards': 'yes', 'air_conditioning': 'yes'}",https://www.kulcspatika.hu/,hukulcspha,(kulcs patika|kulcs),True,,,,1704398302,OSM_object_type.node,9,0,2017-07-19T07:28:37Z,"{'fire_hydrant:type': 'pillar', 'wheelchair': 'no', 'addr:street': 'Erzsébet körút', 'addr:postcode': '1073', 'opening_hours': '24/7', 'addr:housenumber': '58', 'addr:city': 'Budapest', 'name': 'Royal Patika', 'amenity': 'pharmacy', 'operator': 'Kulcs Patika'}",,19.61209055
1507,725,21,,116,1122,Budapest,Krisztina körút,2-4,,POINT (47.506758 19.022815),Krisztina körút 2-4.,patikak/krisztina-patika-p66,,,,,,,,,,,,,,,,,,,,,,,,,,,,,,,,,,,False,,"{not_in_water,street_is_around,street_metaphone_is_around}",{},,2019-08-19 09:27:19.435501+00:00,,,47.5066218812922,19.0229264876224,21,Kulcs Patika,pharmacy,"{'amenity': 'pharmacy', 'brand': 'Kulcs Patika', 'dispensing': 'yes', 'addr:country': 'HU', 'payment:cash': 'yes', 'payment:debit_cards': 'yes', 'air_conditioning': 'yes'}",https://www.kulcspatika.hu/,hukulcspha,(kulcs patika|kulcs),True,,,,4560743813,OSM_object_type.node,3,0,2019-03-29T18:11:30Z,"{'website': 'https://kulcspatika.hu/patikak/krisztina-patika-p66', 'name:en': 'Krisztina Pharmacy', 'addr:street': 'Krisztina körút', 'addr:postcode': '1122', 'opening_hours': 'Mo-Fr 08:00-19:00; Sa 08:00-13:00', 'addr:housenumber': '2-4', 'name:hu': 'Krisztina Patika', 'name': 'Krisztina Patika', 'amenity': 'pharmacy', 'addr:city': 'Budapest'}",,17.29787741
